EmployeeNumber,Department,JobRole,MonthlyIncome,OverTime,JobSatisfaction,WorkLifeBalance,Cluster,Attrition
1,Sales,Sales Executive,5993,Yes,4,1,1,Yes
2,Research & Development,Research Scientist,5130,No,2,3,3,No
4,Research & Development,Laboratory Technician,2090,Yes,3,3,1,Yes
5,Research & Development,Research Scientist,2909,Yes,3,3,1,No
7,Research & Development,Laboratory Technician,3468,No,2,3,2,No
8,Research & Development,Laboratory Technician,3068,No,4,2,1,No
10,Research & Development,Laboratory Technician,2670,Yes,1,2,3,No
11,Research & Development,Laboratory Technician,2693,No,3,3,3,No
12,Research & Development,Manufacturing Director,9526,No,3,3,3,No
13,Research & Development,Healthcare Representative,5237,No,3,2,1,No
14,Research & Development,Laboratory Technician,2426,No,2,3,2,No
15,Research & Development,Laboratory Technician,4193,Yes,3,3,1,No
16,Research & Development,Research Scientist,2911,No,3,2,1,No
18,Research & Development,Laboratory Technician,2661,No,4,3,1,No
19,Research & Development,Laboratory Technician,2028,Yes,3,3,1,Yes
20,Research & Development,Manufacturing Director,9980,No,1,3,2,No
21,Research & Development,Research Scientist,3298,Yes,2,2,2,No
22,Research & Development,Laboratory Technician,2935,Yes,4,2,1,No
23,Sales,Manager,15427,No,4,3,0,No
24,Research & Development,Research Scientist,3944,Yes,4,3,1,No
26,Research & Development,Manufacturing Director,4011,No,3,2,1,No
27,Sales,Sales Representative,3407,No,1,3,3,Yes
28,Research & Development,Research Director,11994,No,2,3,0,No
30,Research & Development,Research Scientist,1232,No,4,3,1,No
31,Research & Development,Research Scientist,2960,No,1,3,2,Yes
32,Research & Development,Manager,19094,No,3,2,0,No
33,Research & Development,Research Scientist,3919,Yes,1,3,3,Yes
35,Sales,Sales Executive,6825,No,2,3,2,No
36,Research & Development,Healthcare Representative,10248,No,4,3,0,No
38,Sales,Manager,18947,No,1,2,0,No
39,Research & Development,Laboratory Technician,2496,No,4,3,1,No
40,Research & Development,Healthcare Representative,6465,Yes,4,4,1,No
41,Research & Development,Laboratory Technician,2206,No,3,3,1,No
42,Sales,Sales Representative,2086,No,4,4,1,Yes
45,Research & Development,Research Scientist,2293,Yes,4,2,1,Yes
46,Research & Development,Research Scientist,2645,No,3,2,1,No
47,Sales,Sales Representative,2683,Yes,3,3,1,Yes
49,Sales,Sales Representative,2014,No,4,3,1,No
51,Research & Development,Research Scientist,3419,Yes,1,4,2,No
52,Sales,Sales Executive,5376,No,1,3,2,No
53,Research & Development,Laboratory Technician,1951,No,4,3,1,No
54,Research & Development,Laboratory Technician,2341,No,1,3,2,No
55,Research & Development,Laboratory Technician,2293,No,3,2,1,Yes
56,Sales,Sales Executive,8726,No,3,3,1,No
57,Research & Development,Laboratory Technician,4011,No,4,3,3,No
58,Research & Development,Research Director,19545,No,3,3,0,Yes
60,Sales,Sales Executive,4568,No,3,3,3,No
61,Research & Development,Research Scientist,3022,No,2,3,3,No
62,Sales,Sales Executive,5772,Yes,4,3,3,No
63,Research & Development,Laboratory Technician,2269,No,4,3,1,No
64,Research & Development,Laboratory Technician,5381,Yes,3,3,1,Yes
65,Research & Development,Laboratory Technician,3441,Yes,3,2,1,Yes
68,Sales,Sales Executive,5454,Yes,1,2,3,No
70,Research & Development,Healthcare Representative,9884,Yes,1,3,2,No
72,Sales,Sales Executive,4157,Yes,4,2,1,No
73,Research & Development,Research Director,13458,Yes,4,3,0,No
74,Sales,Sales Executive,9069,No,1,2,3,No
75,Research & Development,Laboratory Technician,4014,Yes,1,3,2,No
76,Research & Development,Laboratory Technician,5915,No,4,2,3,No
77,Research & Development,Manufacturing Director,5993,No,3,4,1,No
78,Research & Development,Manufacturing Director,6162,Yes,4,3,3,No
79,Research & Development,Laboratory Technician,2406,No,4,3,1,No
80,Research & Development,Research Director,18740,Yes,3,2,0,No
81,Sales,Sales Executive,7637,No,1,2,0,No
83,Research & Development,Healthcare Representative,10096,No,3,3,0,No
84,Research & Development,Manager,14756,Yes,3,3,0,No
85,Research & Development,Manufacturing Director,6499,No,2,3,2,No
86,Research & Development,Research Scientist,9724,No,1,3,2,No
88,Research & Development,Research Scientist,2194,No,1,2,2,No
90,Research & Development,Research Scientist,3388,Yes,3,2,1,Yes
91,Sales,Sales Executive,5473,No,3,2,1,No
94,Research & Development,Research Scientist,2703,No,2,3,3,No
95,Research & Development,Research Scientist,2501,No,2,3,2,No
96,Research & Development,Research Scientist,6220,No,2,3,2,No
97,Research & Development,Laboratory Technician,3038,No,4,3,1,No
98,Research & Development,Manufacturing Director,4424,No,4,3,3,No
100,Sales,Sales Executive,4312,No,1,3,2,No
101,Research & Development,Research Director,13245,Yes,1,4,2,No
102,Research & Development,Research Director,13664,No,3,4,0,No
103,Human Resources,Human Resources,5021,Yes,2,3,3,No
104,Research & Development,Laboratory Technician,5126,Yes,4,2,1,No
105,Research & Development,Research Scientist,2859,No,3,3,1,No
106,Sales,Sales Executive,10239,No,4,3,1,No
107,Research & Development,Research Scientist,5329,Yes,4,3,1,No
110,Research & Development,Manufacturing Director,4325,No,2,3,2,No
112,Research & Development,Manufacturing Director,7260,No,4,2,1,No
113,Sales,Sales Representative,2322,No,1,3,2,No
116,Research & Development,Laboratory Technician,2075,No,4,3,3,No
117,Research & Development,Healthcare Representative,4152,No,4,3,1,No
118,Sales,Sales Executive,9619,No,4,3,1,Yes
119,Research & Development,Healthcare Representative,13503,No,2,2,0,No
120,Sales,Sales Executive,5441,Yes,4,1,3,No
121,Sales,Sales Executive,5209,Yes,2,2,2,No
124,Research & Development,Healthcare Representative,10673,Yes,1,2,2,No
125,Sales,Sales Executive,5010,No,3,3,1,No
126,Research & Development,Research Director,13549,No,3,1,1,No
128,Sales,Sales Executive,4999,No,3,2,3,No
129,Sales,Sales Executive,4221,No,3,4,1,No
131,Sales,Sales Executive,13872,No,3,2,0,No
132,Research & Development,Laboratory Technician,2042,No,2,4,2,No
133,Human Resources,Human Resources,2073,Yes,1,3,3,Yes
134,Research & Development,Research Scientist,2956,No,1,3,2,No
137,Research & Development,Laboratory Technician,2926,Yes,4,3,1,Yes
138,Research & Development,Research Scientist,4809,No,3,3,1,No
139,Research & Development,Healthcare Representative,5163,No,4,4,1,No
140,Human Resources,Manager,18844,No,4,3,3,No
141,Research & Development,Research Director,18172,Yes,2,2,0,No
142,Sales,Sales Executive,5744,Yes,3,3,1,Yes
143,Research & Development,Research Scientist,2889,No,4,3,1,No
144,Research & Development,Laboratory Technician,2871,No,4,3,1,No
145,Research & Development,Healthcare Representative,7484,No,1,2,3,No
147,Research & Development,Laboratory Technician,6074,Yes,3,3,3,Yes
148,Human Resources,Manager,17328,Yes,4,3,0,No
150,Research & Development,Laboratory Technician,2774,No,3,3,1,No
151,Research & Development,Research Scientist,4505,No,2,3,2,No
152,Sales,Sales Executive,7428,No,4,3,1,No
153,Research & Development,Manager,11631,No,1,3,2,No
154,Sales,Sales Executive,9738,No,4,3,1,No
155,Research & Development,Laboratory Technician,2835,No,4,3,3,No
158,Sales,Manager,16959,Yes,4,4,0,No
159,Research & Development,Research Scientist,2613,No,3,2,3,No
160,Sales,Sales Executive,6146,No,2,4,2,No
161,Research & Development,Research Scientist,4963,Yes,2,3,2,Yes
162,Research & Development,Research Director,19537,No,3,3,0,No
163,Sales,Sales Executive,6172,Yes,3,2,1,Yes
164,Research & Development,Research Scientist,2368,No,2,2,2,No
165,Research & Development,Healthcare Representative,10312,No,4,2,0,Yes
167,Sales,Sales Representative,1675,Yes,3,2,1,Yes
169,Research & Development,Laboratory Technician,2523,No,4,3,1,No
170,Research & Development,Manufacturing Director,6567,No,1,2,2,No
171,Research & Development,Research Scientist,4739,No,3,3,1,No
174,Sales,Sales Executive,9208,No,4,3,1,No
175,Sales,Sales Executive,4559,Yes,3,3,1,Yes
176,Sales,Sales Executive,8189,Yes,3,3,1,No
177,Human Resources,Human Resources,2942,No,3,3,3,No
178,Research & Development,Manufacturing Director,4941,No,2,3,3,No
179,Research & Development,Manufacturing Director,10650,No,4,3,1,Yes
182,Sales,Sales Executive,5902,No,3,4,1,No
183,Sales,Sales Executive,8639,No,3,3,1,No
184,Human Resources,Human Resources,6347,Yes,4,1,1,No
190,Research & Development,Laboratory Technician,4200,No,1,4,3,Yes
192,Research & Development,Research Scientist,3452,No,4,2,1,No
193,Research & Development,Research Scientist,4317,Yes,3,3,3,No
194,Research & Development,Research Scientist,2632,No,3,2,1,No
195,Sales,Sales Executive,4668,No,4,4,1,No
197,Research & Development,Research Scientist,3204,No,1,3,2,No
198,Research & Development,Laboratory Technician,2720,No,4,3,1,No
199,Research & Development,Manager,17181,No,1,2,0,No
200,Research & Development,Laboratory Technician,2238,No,1,3,3,No
201,Research & Development,Laboratory Technician,1483,No,2,3,2,No
202,Research & Development,Research Scientist,5605,No,2,3,0,No
204,Sales,Sales Executive,7295,No,2,3,2,No
205,Sales,Sales Representative,2306,Yes,3,1,3,No
206,Research & Development,Laboratory Technician,2348,No,2,1,2,No
207,Sales,Sales Executive,8998,No,4,3,1,No
208,Research & Development,Manufacturing Director,4319,No,3,3,1,No
211,Research & Development,Manufacturing Director,6132,No,3,3,1,No
214,Research & Development,Research Scientist,3346,Yes,2,2,3,No
215,Sales,Sales Executive,10855,No,4,2,0,No
216,Sales,Sales Representative,2231,No,3,3,1,No
217,Research & Development,Research Scientist,2323,No,4,3,3,No
218,Research & Development,Research Scientist,2024,No,2,1,2,No
221,Research & Development,Research Scientist,2713,No,4,1,1,No
223,Research & Development,Healthcare Representative,9439,Yes,4,1,1,No
224,Research & Development,Research Scientist,2566,Yes,3,2,1,No
226,Research & Development,Manager,19926,No,2,3,0,No
227,Research & Development,Research Scientist,2451,No,3,3,1,No
228,Sales,Sales Executive,9419,No,4,3,1,No
230,Sales,Sales Executive,8686,No,4,4,3,No
231,Research & Development,Research Scientist,3038,No,3,3,3,No
233,Research & Development,Research Scientist,3058,Yes,2,2,2,No
235,Sales,Sales Representative,2325,No,1,4,3,Yes
238,Research & Development,Laboratory Technician,2088,No,2,2,2,No
239,Research & Development,Laboratory Technician,3072,No,1,3,2,No
240,Sales,Sales Executive,5006,Yes,1,4,2,No
241,Research & Development,Research Scientist,4257,Yes,1,3,2,No
242,Research & Development,Research Scientist,2500,No,4,4,1,No
243,Research & Development,Laboratory Technician,1102,No,4,2,3,Yes
244,Sales,Sales Executive,10453,No,1,3,3,No
245,Research & Development,Laboratory Technician,2288,No,4,3,1,No
246,Research & Development,Research Scientist,3929,Yes,4,3,3,No
247,Research & Development,Research Scientist,2311,No,2,3,2,No
248,Sales,Sales Representative,3140,Yes,2,2,3,Yes
249,Research & Development,Laboratory Technician,3690,No,3,2,1,No
250,Research & Development,Manufacturing Director,4450,No,1,3,2,No
252,Research & Development,Research Scientist,2756,No,2,3,2,No
253,Research & Development,Manager,19033,No,3,3,0,No
254,Research & Development,Research Director,18722,No,2,3,0,No
256,Research & Development,Manufacturing Director,9547,No,3,2,1,No
258,Research & Development,Healthcare Representative,13734,No,2,3,0,No
259,Research & Development,Manager,19999,No,3,3,0,No
260,Research & Development,Research Scientist,2279,No,2,2,2,No
261,Research & Development,Manufacturing Director,5916,Yes,3,3,1,Yes
262,Research & Development,Research Scientist,2089,No,4,4,1,No
264,Research & Development,Manager,16792,No,4,3,0,No
267,Research & Development,Research Scientist,3564,Yes,1,2,2,No
269,Research & Development,Laboratory Technician,4425,No,2,3,2,No
270,Research & Development,Manufacturing Director,5265,No,3,3,1,No
271,Research & Development,Manufacturing Director,6553,No,3,3,1,No
273,Research & Development,Manufacturing Director,6261,No,4,1,1,No
274,Research & Development,Manufacturing Director,4298,No,1,3,2,No
275,Research & Development,Manufacturing Director,6804,Yes,4,3,1,No
277,Research & Development,Research Scientist,3815,Yes,3,4,1,No
281,Research & Development,Laboratory Technician,2741,Yes,4,4,1,No
282,Research & Development,Healthcare Representative,6673,Yes,1,3,2,Yes
283,Sales,Sales Executive,7639,No,4,2,3,Yes
284,Research & Development,Research Scientist,2328,Yes,2,2,2,No
286,Research & Development,Laboratory Technician,2153,No,4,3,1,No
287,Research & Development,Healthcare Representative,4876,No,4,1,1,No
288,Research & Development,Healthcare Representative,9396,No,1,3,2,No
291,Sales,Sales Executive,10400,No,4,2,0,Yes
292,Research & Development,Manufacturing Director,8474,No,3,3,3,No
293,Sales,Sales Executive,9981,No,3,3,1,No
296,Research & Development,Research Director,12490,No,2,1,0,No
297,Research & Development,Research Scientist,2657,Yes,1,3,2,Yes
298,Sales,Manager,13591,Yes,4,3,1,No
299,Sales,Sales Executive,6696,No,1,2,2,Yes
300,Research & Development,Research Scientist,2058,No,3,2,1,Yes
302,Sales,Sales Executive,8865,No,4,3,0,No
303,Sales,Sales Executive,5940,No,1,3,2,No
304,Research & Development,Laboratory Technician,5914,No,2,4,2,No
305,Research & Development,Research Scientist,2622,No,2,3,3,No
306,Research & Development,Research Director,12185,Yes,4,3,0,No
307,Sales,Sales Executive,10609,No,3,2,0,No
308,Research & Development,Manufacturing Director,4345,No,3,3,1,No
309,Research & Development,Research Scientist,2177,No,4,3,1,No
311,Sales,Sales Representative,2793,No,4,3,1,No
312,Sales,Sales Executive,7918,No,4,3,1,No
314,Sales,Sales Executive,8789,No,3,4,1,No
315,Research & Development,Research Scientist,2389,Yes,4,2,1,Yes
316,Research & Development,Laboratory Technician,3212,No,4,2,1,No
319,Research & Development,Manager,19232,No,4,3,0,No
321,Human Resources,Human Resources,2267,No,3,2,1,No
323,Sales,Manager,19517,No,4,2,0,No
325,Research & Development,Laboratory Technician,2436,Yes,4,1,1,Yes
327,Sales,Manager,16064,Yes,4,3,0,No
328,Research & Development,Laboratory Technician,2707,No,1,4,3,Yes
329,Sales,Manager,19068,Yes,3,4,0,No
330,Sales,Sales Representative,3931,No,2,3,2,No
331,Research & Development,Laboratory Technician,3730,Yes,3,1,1,Yes
332,Research & Development,Laboratory Technician,2232,No,3,3,1,No
333,Sales,Sales Executive,4465,No,4,3,1,No
334,Research & Development,Research Scientist,3072,No,1,2,2,No
335,Research & Development,Research Scientist,3319,No,4,3,1,No
336,Research & Development,Manager,19202,No,4,3,0,No
337,Research & Development,Research Director,13675,No,3,3,1,No
338,Research & Development,Research Scientist,2911,No,4,2,1,No
339,Research & Development,Manufacturing Director,5957,No,1,3,2,No
340,Research & Development,Research Scientist,3920,No,1,2,2,No
341,Research & Development,Manufacturing Director,6434,No,3,3,1,No
342,Research & Development,Manufacturing Director,10048,No,3,3,1,Yes
343,Research & Development,Healthcare Representative,10938,No,3,3,3,No
346,Research & Development,Research Scientist,2340,No,4,3,1,No
347,Research & Development,Research Scientist,6545,Yes,1,3,2,No
349,Sales,Sales Executive,6931,No,4,3,1,No
350,Research & Development,Manufacturing Director,4898,No,3,3,1,No
351,Research & Development,Laboratory Technician,2593,Yes,1,3,2,No
352,Research & Development,Research Director,19436,No,3,3,0,No
353,Research & Development,Research Scientist,2723,No,4,2,1,No
355,Research & Development,Laboratory Technician,3479,No,2,4,2,Yes
359,Research & Development,Laboratory Technician,2794,No,2,1,3,No
361,Sales,Sales Executive,5249,No,4,3,1,No
362,Research & Development,Laboratory Technician,2176,No,1,3,2,No
363,Sales,Manager,16872,Yes,2,2,0,No
364,Research & Development,Laboratory Technician,3485,No,3,1,1,Yes
366,Sales,Sales Executive,6644,No,2,3,2,No
367,Research & Development,Healthcare Representative,5582,No,4,3,3,No
369,Research & Development,Healthcare Representative,4000,No,1,3,2,No
372,Research & Development,Healthcare Representative,13496,Yes,4,3,0,No
373,Research & Development,Laboratory Technician,3210,No,4,3,1,No
374,Research & Development,Manager,19045,Yes,1,3,0,No
376,Research & Development,Manager,11849,Yes,2,2,0,Yes
377,Research & Development,Research Scientist,2070,No,4,2,3,No
378,Sales,Sales Executive,6502,No,4,4,1,No
379,Research & Development,Research Scientist,3230,No,3,4,1,No
380,Research & Development,Research Director,13603,Yes,4,3,1,No
381,Research & Development,Manager,11996,No,2,2,2,No
382,Sales,Sales Executive,5605,Yes,1,3,3,No
384,Research & Development,Manufacturing Director,6397,No,2,1,3,No
385,Research & Development,Research Director,19144,No,2,2,0,No
386,Research & Development,Research Director,17584,Yes,3,2,0,No
387,Sales,Sales Executive,4907,No,3,3,3,No
388,Sales,Sales Executive,4554,No,4,2,1,No
389,Research & Development,Laboratory Technician,5415,Yes,4,3,1,No
390,Research & Development,Healthcare Representative,4741,Yes,1,3,2,No
391,Research & Development,Research Scientist,2115,No,4,3,1,No
392,Research & Development,Laboratory Technician,3161,Yes,3,1,3,Yes
393,Research & Development,Healthcare Representative,5745,No,4,3,1,No
394,Research & Development,Laboratory Technician,2373,Yes,2,3,2,Yes
395,Research & Development,Research Scientist,3310,No,4,3,3,No
396,Research & Development,Research Director,18665,Yes,1,3,0,No
397,Research & Development,Research Scientist,4485,No,2,3,2,No
399,Sales,Sales Representative,2789,No,2,2,2,No
401,Sales,Sales Executive,5828,Yes,4,3,1,Yes
403,Research & Development,Research Scientist,2326,Yes,4,2,1,No
404,Sales,Sales Executive,13525,No,2,4,0,No
405,Research & Development,Laboratory Technician,1420,No,3,3,1,Yes
406,Sales,Sales Executive,8020,No,2,2,2,No
407,Research & Development,Laboratory Technician,3688,No,4,3,1,No
408,Research & Development,Manufacturing Director,5482,No,2,3,2,No
410,Sales,Manager,16015,No,2,3,0,No
411,Sales,Sales Representative,1200,No,3,3,1,No
412,Research & Development,Healthcare Representative,5661,No,1,3,2,No
416,Sales,Sales Executive,6929,No,4,2,1,No
417,Research & Development,Healthcare Representative,9613,No,4,2,0,No
419,Research & Development,Laboratory Technician,5674,No,2,3,2,No
420,Sales,Sales Executive,5484,No,3,2,1,No
421,Research & Development,Research Director,12061,No,2,3,0,No
422,Research & Development,Healthcare Representative,5660,Yes,3,3,1,No
423,Research & Development,Research Scientist,4821,Yes,4,3,1,No
424,Human Resources,Human Resources,6410,No,1,3,2,No
425,Research & Development,Laboratory Technician,5210,No,1,3,0,No
426,Research & Development,Research Scientist,2695,Yes,4,1,1,No
428,Research & Development,Manager,11878,No,2,3,0,No
429,Research & Development,Manager,17068,Yes,1,3,0,No
430,Research & Development,Laboratory Technician,2455,No,4,3,1,No
431,Research & Development,Healthcare Representative,13964,Yes,3,3,0,No
433,Research & Development,Research Scientist,4941,No,2,2,2,Yes
434,Research & Development,Research Scientist,2478,Yes,2,2,2,No
436,Sales,Sales Executive,5228,Yes,2,3,2,No
437,Sales,Sales Executive,4478,Yes,3,3,1,No
438,Sales,Sales Executive,7547,No,4,3,1,No
439,Research & Development,Research Scientist,5055,No,4,2,1,No
440,Research & Development,Research Scientist,3464,Yes,4,2,1,Yes
441,Research & Development,Research Scientist,5775,No,4,3,1,No
442,Research & Development,Manufacturing Director,8943,No,3,3,3,No
444,Research & Development,Manager,19272,No,4,3,0,No
445,Sales,Sales Executive,5238,Yes,3,2,1,Yes
446,Sales,Sales Executive,4682,No,4,2,1,No
447,Research & Development,Research Director,18300,No,3,3,0,No
448,Research & Development,Laboratory Technician,5257,No,3,4,1,No
449,Sales,Sales Executive,6349,Yes,2,3,2,No
450,Research & Development,Research Scientist,4869,No,3,2,1,No
451,Research & Development,Healthcare Representative,9985,No,1,2,2,No
452,Research & Development,Research Scientist,3697,No,4,3,1,No
453,Sales,Sales Executive,7457,Yes,4,2,3,No
454,Research & Development,Laboratory Technician,2119,Yes,1,2,2,Yes
455,Research & Development,Laboratory Technician,3983,No,4,3,1,No
456,Sales,Sales Executive,6118,No,3,3,1,No
458,Sales,Sales Executive,6214,No,2,3,2,No
460,Research & Development,Manufacturing Director,6347,No,4,2,1,No
461,Research & Development,Research Director,11510,Yes,4,3,0,No
462,Research & Development,Manufacturing Director,7143,Yes,4,2,1,No
463,Sales,Sales Executive,8268,Yes,2,3,2,No
464,Research & Development,Manufacturing Director,8095,No,2,3,0,No
465,Research & Development,Research Scientist,2904,No,4,2,1,No
466,Research & Development,Manufacturing Director,6032,Yes,2,3,2,No
467,Sales,Sales Representative,2976,No,3,3,1,No
468,Research & Development,Research Director,15992,No,4,3,1,No
469,Sales,Sales Executive,4649,No,3,2,1,No
470,Human Resources,Human Resources,2696,Yes,3,3,1,No
471,Research & Development,Laboratory Technician,2370,No,2,3,2,No
473,Sales,Manager,12504,No,3,1,3,No
474,Research & Development,Research Scientist,5974,Yes,1,3,2,No
475,Sales,Sales Executive,4736,Yes,3,4,1,No
476,Sales,Sales Executive,5296,No,3,3,1,No
477,Research & Development,Healthcare Representative,6781,No,4,3,3,No
478,Sales,Sales Representative,2174,Yes,2,3,2,Yes
479,Sales,Sales Executive,6653,No,4,3,1,No
481,Sales,Sales Executive,9699,No,4,3,1,No
482,Research & Development,Healthcare Representative,6755,No,3,3,1,No
483,Research & Development,Laboratory Technician,2213,Yes,3,3,1,No
484,Sales,Sales Representative,2610,No,4,2,3,No
485,Sales,Sales Representative,2851,Yes,3,3,1,Yes
486,Research & Development,Laboratory Technician,3452,No,1,3,3,No
487,Research & Development,Manufacturing Director,5258,No,3,4,1,No
488,Sales,Sales Executive,9355,No,2,3,2,Yes
491,Research & Development,Healthcare Representative,10496,No,4,3,1,No
492,Sales,Sales Executive,6380,Yes,3,3,1,Yes
493,Research & Development,Research Scientist,2657,Yes,2,3,2,No
494,Sales,Sales Representative,2716,No,2,3,2,Yes
495,Research & Development,Research Scientist,2201,No,4,3,1,No
496,Research & Development,Healthcare Representative,6540,No,2,3,2,No
497,Research & Development,Laboratory Technician,3816,No,2,3,2,No
498,Sales,Sales Executive,5253,No,4,3,1,No
499,Research & Development,Healthcare Representative,10965,No,3,3,3,No
500,Sales,Sales Executive,4936,No,4,2,1,No
501,Research & Development,Research Scientist,2543,No,3,3,1,No
502,Sales,Sales Executive,5304,Yes,4,2,1,Yes
505,Research & Development,Manager,16659,Yes,4,3,0,No
507,Sales,Sales Executive,4260,Yes,3,4,1,No
508,Sales,Sales Representative,2476,No,2,3,2,No
510,Research & Development,Research Scientist,3102,No,1,3,3,Yes
511,Research & Development,Research Scientist,2244,No,2,3,2,No
513,Sales,Sales Executive,7596,No,3,3,1,No
514,Research & Development,Research Scientist,2285,Yes,4,3,3,Yes
515,Research & Development,Laboratory Technician,3034,No,1,2,2,No
516,Sales,Sales Executive,5715,No,2,3,2,No
517,Research & Development,Laboratory Technician,2576,No,1,3,2,No
518,Research & Development,Manufacturing Director,4197,Yes,2,2,2,No
520,Research & Development,Research Director,14336,No,2,3,0,No
521,Research & Development,Laboratory Technician,3448,No,3,3,3,No
522,Research & Development,Research Director,19406,No,1,2,0,No
523,Sales,Sales Executive,6538,No,3,3,1,No
524,Research & Development,Manufacturing Director,4306,No,1,1,2,No
525,Research & Development,Laboratory Technician,2258,No,4,3,3,No
526,Research & Development,Healthcare Representative,4522,Yes,3,3,1,No
527,Sales,Sales Executive,4487,Yes,4,3,1,No
529,Research & Development,Research Scientist,4449,Yes,3,3,1,No
530,Research & Development,Laboratory Technician,2218,No,1,3,2,No
531,Research & Development,Manager,19197,Yes,3,3,0,No
532,Sales,Sales Executive,13212,No,1,2,2,No
533,Sales,Sales Executive,6577,No,3,3,1,No
534,Sales,Sales Executive,8392,No,1,3,2,No
536,Research & Development,Laboratory Technician,4558,No,1,3,2,No
538,Research & Development,Laboratory Technician,4031,No,1,3,2,Yes
543,Research & Development,Manufacturing Director,7969,Yes,3,3,1,No
544,Research & Development,Research Scientist,2654,No,4,2,3,No
546,Research & Development,Manager,16555,No,4,1,0,No
547,Research & Development,Research Scientist,4556,No,3,3,1,No
548,Research & Development,Manufacturing Director,6091,No,4,3,3,No
549,Research & Development,Manager,19566,No,1,1,0,No
550,Research & Development,Manufacturing Director,4810,No,3,2,1,No
551,Research & Development,Healthcare Representative,4523,No,4,4,1,No
554,Sales,Sales Representative,3202,Yes,2,3,2,Yes
555,Sales,Sales Representative,2351,No,3,2,1,Yes
556,Research & Development,Laboratory Technician,1702,Yes,4,3,3,No
558,Sales,Manager,18041,No,3,3,0,No
560,Research & Development,Research Scientist,2886,No,4,1,3,No
562,Research & Development,Laboratory Technician,2097,No,4,1,1,No
564,Research & Development,Research Director,11935,No,3,3,0,No
565,Research & Development,Research Scientist,2546,No,2,4,2,Yes
566,Human Resources,Human Resources,2564,No,4,4,1,Yes
567,Sales,Sales Executive,8412,No,1,3,2,No
568,Sales,Manager,14118,No,4,2,1,No
569,Research & Development,Manager,17046,No,3,3,0,No
571,Research & Development,Laboratory Technician,2564,No,4,2,1,No
573,Sales,Sales Executive,10266,No,1,4,0,No
574,Research & Development,Manufacturing Director,5070,No,4,3,1,No
575,Research & Development,Research Director,17861,No,3,1,0,No
577,Research & Development,Laboratory Technician,4230,No,3,3,1,No
578,Research & Development,Laboratory Technician,3780,No,3,3,1,No
579,Research & Development,Research Scientist,2768,No,3,3,1,No
580,Sales,Sales Executive,9071,Yes,4,3,1,No
581,Research & Development,Manufacturing Director,10648,No,2,4,3,No
582,Research & Development,Manager,13610,Yes,3,4,0,Yes
584,Research & Development,Laboratory Technician,3408,No,4,3,1,Yes
585,Sales,Sales Representative,2983,No,2,3,2,No
586,Research & Development,Healthcare Representative,7632,Yes,3,3,1,No
587,Research & Development,Healthcare Representative,9824,No,3,3,1,Yes
590,Human Resources,Human Resources,9950,Yes,1,3,2,Yes
591,Research & Development,Laboratory Technician,2093,No,3,3,1,No
592,Sales,Sales Executive,9980,No,4,2,1,No
593,Research & Development,Laboratory Technician,3894,No,3,3,1,Yes
595,Sales,Sales Executive,4051,No,4,3,1,No
597,Sales,Manager,16835,No,2,3,3,No
599,Sales,Sales Executive,6230,No,4,3,1,No
600,Sales,Sales Executive,4717,No,3,3,1,No
601,Research & Development,Manufacturing Director,13237,No,3,3,0,No
602,Research & Development,Laboratory Technician,3755,No,3,3,1,No
604,Sales,Sales Executive,6582,Yes,4,4,1,No
605,Research & Development,Manufacturing Director,7406,Yes,1,2,3,No
606,Sales,Sales Executive,4805,No,2,4,2,No
608,Human Resources,Human Resources,2741,Yes,3,2,1,Yes
611,Research & Development,Manufacturing Director,4262,No,4,4,1,No
612,Research & Development,Research Director,16184,No,3,3,0,No
613,Sales,Manager,11557,No,4,2,3,No
614,Sales,Sales Representative,1878,Yes,2,3,2,Yes
615,Sales,Sales Executive,10932,No,1,3,2,No
616,Research & Development,Healthcare Representative,6811,Yes,3,3,1,No
618,Sales,Sales Executive,4306,No,3,3,1,No
620,Sales,Sales Executive,4859,No,3,3,1,No
621,Sales,Sales Executive,5337,No,4,3,1,No
622,Research & Development,Laboratory Technician,2340,Yes,4,1,1,Yes
623,Research & Development,Manufacturing Director,7491,No,4,4,1,No
624,Research & Development,Healthcare Representative,10527,No,3,2,1,No
625,Sales,Manager,16595,No,1,3,0,No
626,Sales,Sales Executive,8834,No,2,3,2,No
630,Research & Development,Research Scientist,5577,Yes,1,3,2,No
631,Sales,Sales Executive,4707,No,3,3,1,Yes
632,Sales,Sales Representative,2400,No,4,3,1,No
634,Research & Development,Healthcare Representative,9824,No,3,3,1,No
635,Research & Development,Manufacturing Director,6447,No,2,2,2,No
638,Research & Development,Research Director,19502,Yes,3,3,0,No
639,Research & Development,Research Scientist,2725,Yes,4,3,1,No
641,Sales,Sales Executive,6272,No,2,4,3,No
643,Research & Development,Laboratory Technician,2127,No,2,3,3,No
644,Human Resources,Manager,18200,No,2,3,0,No
645,Sales,Sales Representative,2096,No,3,3,1,No
647,Research & Development,Laboratory Technician,2886,Yes,3,3,1,Yes
648,Sales,Sales Representative,2033,No,1,4,2,Yes
649,Research & Development,Research Scientist,3622,Yes,4,3,1,No
650,Sales,Sales Executive,4233,No,1,1,2,Yes
652,Research & Development,Laboratory Technician,3681,No,4,3,1,No
653,Sales,Sales Executive,5460,No,4,4,3,No
655,Research & Development,Research Scientist,2187,No,3,2,1,No
656,Sales,Sales Executive,9602,Yes,3,2,1,No
657,Research & Development,Research Scientist,2836,No,2,4,2,No
659,Research & Development,Healthcare Representative,4089,No,4,3,1,No
661,Research & Development,Research Director,16627,Yes,4,2,1,No
662,Research & Development,Research Scientist,2619,No,1,2,2,No
663,Research & Development,Laboratory Technician,5679,Yes,3,3,1,No
664,Research & Development,Manager,15402,No,1,1,2,No
665,Human Resources,Human Resources,5985,No,3,4,1,No
666,Sales,Sales Representative,2579,Yes,3,3,1,No
667,Sales,Sales Representative,3041,No,1,3,2,Yes
669,Sales,Sales Representative,3447,No,3,3,1,No
671,Research & Development,Manager,19513,Yes,4,4,0,No
675,Research & Development,Research Scientist,2773,No,3,3,3,No
677,Sales,Sales Executive,7104,No,3,3,1,No
679,Research & Development,Research Scientist,6322,Yes,4,2,1,No
680,Research & Development,Research Scientist,2083,No,3,3,3,No
682,Sales,Sales Executive,8381,No,1,4,3,No
683,Research & Development,Research Scientist,2691,No,4,2,1,No
684,Sales,Sales Executive,4286,No,1,3,2,Yes
686,Research & Development,Laboratory Technician,2659,Yes,4,3,1,No
689,Research & Development,Manufacturing Director,9434,No,3,3,1,No
690,Sales,Sales Executive,5561,No,3,2,1,No
691,Research & Development,Research Scientist,6646,No,4,3,1,No
692,Research & Development,Healthcare Representative,7725,No,4,1,3,No
698,Human Resources,Human Resources,10725,No,2,4,2,No
699,Research & Development,Manufacturing Director,8847,Yes,2,3,2,No
700,Research & Development,Research Scientist,2045,No,4,3,1,No
701,Research & Development,Research Scientist,1009,Yes,3,3,1,Yes
702,Research & Development,Research Scientist,3348,Yes,1,3,2,Yes
704,Research & Development,Laboratory Technician,1281,No,3,3,1,No
705,Research & Development,Research Scientist,2819,No,1,4,2,No
707,Sales,Sales Executive,4851,No,2,3,3,No
709,Sales,Sales Executive,4028,No,4,3,3,No
710,Research & Development,Research Scientist,2720,No,4,3,1,No
712,Sales,Sales Executive,8120,No,2,3,2,No
714,Sales,Sales Executive,4647,Yes,4,3,3,No
715,Research & Development,Research Scientist,4680,No,4,3,1,No
716,Research & Development,Laboratory Technician,3221,Yes,3,3,1,No
717,Research & Development,Healthcare Representative,8621,No,2,4,2,No
720,Sales,Sales Executive,4577,No,3,3,1,Yes
721,Research & Development,Healthcare Representative,4553,No,3,3,0,No
722,Sales,Sales Executive,5396,No,4,2,1,No
723,Sales,Sales Executive,6796,Yes,3,3,1,Yes
724,Research & Development,Healthcare Representative,7625,No,4,2,1,No
725,Research & Development,Manufacturing Director,7412,No,1,3,2,No
727,Research & Development,Research Director,11159,No,4,3,1,No
728,Sales,Sales Executive,4960,No,1,3,2,No
729,Sales,Sales Executive,10475,Yes,1,3,3,No
730,Research & Development,Research Director,14814,No,3,3,0,No
731,Human Resources,Manager,19141,No,4,2,0,No
732,Sales,Sales Executive,5405,No,1,3,2,No
733,Research & Development,Manufacturing Director,8793,No,1,2,3,No
734,Human Resources,Manager,19189,No,3,3,0,No
738,Sales,Sales Representative,3875,No,2,3,2,No
741,Research & Development,Research Scientist,2216,Yes,2,3,2,Yes
742,Research & Development,Research Director,11713,No,1,3,2,No
743,Research & Development,Manufacturing Director,7861,Yes,3,4,1,No
744,Research & Development,Laboratory Technician,3708,No,3,3,1,No
746,Sales,Sales Executive,13770,Yes,3,2,0,No
747,Sales,Sales Executive,5304,No,4,2,3,No
749,Sales,Sales Representative,2642,No,3,3,1,No
752,Research & Development,Research Scientist,2759,Yes,3,3,1,Yes
754,Sales,Sales Executive,6804,No,4,3,1,No
757,Research & Development,Healthcare Representative,6142,No,3,3,1,No
758,Research & Development,Laboratory Technician,2500,No,1,4,2,No
760,Human Resources,Human Resources,6389,No,2,1,2,No
762,Research & Development,Healthcare Representative,11103,No,4,2,1,No
763,Research & Development,Research Scientist,2342,Yes,4,2,3,No
764,Research & Development,Healthcare Representative,6811,No,1,1,2,No
766,Sales,Sales Representative,2297,No,2,3,2,No
769,Research & Development,Laboratory Technician,2450,No,4,3,1,No
771,Research & Development,Healthcare Representative,5093,No,1,4,2,No
772,Research & Development,Laboratory Technician,5309,No,4,3,1,No
773,Research & Development,Research Scientist,3057,Yes,3,1,1,No
775,Research & Development,Manufacturing Director,5121,No,1,3,2,No
776,Sales,Manager,16856,No,1,4,0,No
780,Research & Development,Research Scientist,2686,Yes,4,2,1,Yes
781,Sales,Sales Executive,6180,No,4,2,3,No
783,Sales,Sales Representative,6632,No,3,3,1,No
784,Research & Development,Research Scientist,3505,No,3,3,1,No
785,Sales,Sales Executive,6397,Yes,3,3,1,Yes
786,Sales,Sales Executive,6274,No,4,3,3,No
787,Research & Development,Manager,19859,Yes,1,3,0,Yes
789,Sales,Sales Executive,7587,No,1,3,2,No
791,Research & Development,Research Scientist,4258,No,4,3,1,No
792,Research & Development,Laboratory Technician,4364,No,4,3,1,No
793,Research & Development,Healthcare Representative,4335,No,3,2,1,No
796,Sales,Sales Executive,5326,No,1,2,2,Yes
797,Research & Development,Research Scientist,3280,No,4,3,1,No
799,Research & Development,Manufacturing Director,5485,Yes,1,3,2,No
800,Sales,Sales Executive,4342,No,4,3,1,No
802,Research & Development,Research Scientist,2782,Yes,1,2,2,No
803,Research & Development,Manufacturing Director,5980,Yes,1,3,2,No
804,Research & Development,Research Scientist,4381,No,1,3,2,No
805,Sales,Sales Representative,2572,No,4,2,1,No
806,Research & Development,Laboratory Technician,3833,No,3,3,3,No
807,Research & Development,Healthcare Representative,4244,No,2,3,3,No
808,Sales,Sales Executive,6500,No,1,3,2,No
809,Research & Development,Manager,18430,No,4,2,0,No
811,Research & Development,Laboratory Technician,1601,Yes,1,3,3,Yes
812,Research & Development,Laboratory Technician,2694,No,2,3,2,No
813,Research & Development,Laboratory Technician,3149,No,3,3,3,No
815,Research & Development,Research Director,17639,No,3,3,0,No
816,Research & Development,Laboratory Technician,2319,Yes,1,3,2,Yes
817,Research & Development,Research Director,11691,No,3,4,0,No
819,Sales,Sales Executive,5324,No,1,3,2,Yes
820,Research & Development,Manager,16752,Yes,4,2,0,No
823,Research & Development,Manufacturing Director,5228,No,2,3,2,No
824,Research & Development,Research Scientist,2700,No,3,3,3,No
825,Research & Development,Research Director,19246,Yes,2,3,0,Yes
826,Research & Development,Research Scientist,2506,No,3,3,1,No
827,Research & Development,Manufacturing Director,6062,Yes,4,3,1,No
828,Research & Development,Research Scientist,4382,No,3,2,1,Yes
829,Human Resources,Human Resources,2143,No,2,3,2,No
830,Research & Development,Manufacturing Director,6162,No,3,3,1,No
832,Research & Development,Laboratory Technician,5094,No,3,3,1,No
833,Research & Development,Manufacturing Director,6877,Yes,4,2,3,No
834,Research & Development,Research Scientist,2274,No,3,3,1,No
836,Research & Development,Manufacturing Director,4434,No,2,2,2,No
837,Research & Development,Healthcare Representative,6288,No,1,2,2,No
838,Research & Development,Research Scientist,2553,No,4,3,1,No
840,Sales,Sales Executive,7654,No,4,4,1,Yes
842,Sales,Sales Executive,5160,No,4,2,1,Yes
843,Research & Development,Research Director,17159,No,1,3,3,No
844,Research & Development,Research Director,12808,Yes,4,3,0,No
845,Research & Development,Manufacturing Director,10221,No,3,4,3,No
846,Sales,Sales Executive,4779,Yes,2,3,3,No
847,Human Resources,Human Resources,3737,No,4,1,1,No
848,Research & Development,Research Scientist,2366,Yes,3,3,1,Yes
850,Research & Development,Research Scientist,1706,No,4,2,1,No
851,Sales,Manager,16307,No,3,2,0,No
852,Research & Development,Healthcare Representative,5933,No,2,2,2,No
854,Research & Development,Research Scientist,3424,No,1,2,2,No
855,Sales,Sales Executive,4037,No,1,3,3,No
856,Research & Development,Research Scientist,2559,No,1,2,2,No
857,Sales,Sales Executive,6201,Yes,4,2,1,No
859,Sales,Sales Executive,4403,No,4,2,1,No
861,Research & Development,Research Scientist,3761,No,4,2,1,No
862,Sales,Sales Executive,10934,Yes,4,3,1,No
864,Sales,Sales Executive,10761,Yes,1,3,2,No
865,Research & Development,Research Scientist,5175,No,3,2,1,No
867,Research & Development,Manufacturing Director,13826,No,4,3,3,No
868,Sales,Sales Executive,6334,No,3,3,1,No
869,Human Resources,Human Resources,4936,No,4,3,1,No
872,Research & Development,Manufacturing Director,4775,No,4,1,3,No
874,Research & Development,Laboratory Technician,2818,Yes,4,2,3,No
875,Research & Development,Research Scientist,2515,Yes,4,3,1,No
878,Human Resources,Human Resources,2342,No,1,3,3,No
879,Sales,Sales Executive,4194,Yes,1,3,2,No
880,Research & Development,Manufacturing Director,10685,Yes,3,3,3,No
881,Research & Development,Research Scientist,2022,Yes,2,2,2,Yes
882,Research & Development,Laboratory Technician,2314,No,4,3,1,No
885,Sales,Sales Executive,4256,No,1,4,2,No
887,Research & Development,Research Scientist,3580,No,1,3,2,No
888,Research & Development,Laboratory Technician,3162,No,4,2,1,No
889,Sales,Sales Executive,6524,No,2,3,2,No
893,Sales,Sales Representative,2899,No,2,3,2,No
894,Research & Development,Laboratory Technician,5231,Yes,4,2,1,No
895,Research & Development,Research Scientist,2356,Yes,4,3,1,No
896,Sales,Sales Representative,2800,Yes,3,3,1,Yes
897,Sales,Sales Executive,11836,No,4,3,1,No
899,Research & Development,Manufacturing Director,10903,No,2,3,0,No
900,Sales,Sales Representative,2973,No,4,3,1,No
901,Research & Development,Research Director,14275,No,4,3,0,No
902,Research & Development,Healthcare Representative,5562,No,4,2,1,No
903,Sales,Sales Executive,4537,Yes,4,3,3,No
904,Sales,Sales Executive,7642,Yes,2,3,2,No
905,Research & Development,Manager,17924,No,1,3,0,No
909,Human Resources,Human Resources,5204,No,4,3,1,No
910,Human Resources,Human Resources,2277,Yes,2,4,2,No
911,Research & Development,Laboratory Technician,2795,Yes,4,1,3,Yes
912,Research & Development,Laboratory Technician,2532,No,4,3,1,No
913,Research & Development,Research Scientist,2559,Yes,1,3,2,No
916,Sales,Sales Executive,4908,No,4,3,1,No
918,Research & Development,Laboratory Technician,2380,Yes,4,2,1,Yes
920,Research & Development,Manufacturing Director,4765,No,2,4,3,No
922,Sales,Sales Representative,2044,No,3,2,1,Yes
923,Research & Development,Research Scientist,2693,No,4,2,1,Yes
924,Research & Development,Healthcare Representative,6586,Yes,4,2,1,No
925,Sales,Sales Representative,3294,Yes,4,2,1,No
926,Research & Development,Manufacturing Director,4171,Yes,3,4,1,Yes
927,Research & Development,Laboratory Technician,2778,Yes,4,2,1,Yes
930,Research & Development,Research Scientist,2377,No,3,3,1,No
932,Research & Development,Laboratory Technician,2404,Yes,1,1,3,Yes
933,Research & Development,Research Scientist,2318,No,3,3,1,No
934,Research & Development,Laboratory Technician,2008,No,2,3,2,No
936,Sales,Sales Executive,6244,No,3,3,1,No
939,Research & Development,Research Scientist,2799,Yes,1,3,2,No
940,Research & Development,Healthcare Representative,10552,Yes,2,3,2,No
941,Sales,Sales Representative,2329,No,3,4,1,No
942,Research & Development,Healthcare Representative,4014,Yes,4,1,3,No
944,Research & Development,Laboratory Technician,7403,No,2,2,0,No
945,Research & Development,Research Scientist,2259,No,3,2,1,No
947,Sales,Sales Executive,6932,No,3,2,1,No
949,Research & Development,Research Scientist,4678,No,4,3,1,No
950,Research & Development,Research Director,13582,No,1,3,0,No
951,Research & Development,Laboratory Technician,2332,No,2,3,3,No
952,Sales,Sales Representative,2413,Yes,2,3,2,Yes
954,Sales,Sales Executive,9705,No,2,2,2,No
956,Sales,Sales Executive,4294,No,1,3,2,No
957,Research & Development,Laboratory Technician,4721,Yes,1,3,2,No
958,Research & Development,Laboratory Technician,2519,No,3,3,3,No
959,Sales,Sales Representative,2121,Yes,2,4,2,Yes
960,Research & Development,Laboratory Technician,2973,No,1,3,2,Yes
961,Research & Development,Healthcare Representative,5855,Yes,4,1,1,No
964,Research & Development,Research Scientist,3617,Yes,2,3,2,No
966,Research & Development,Manufacturing Director,6725,No,1,4,2,No
967,Sales,Sales Executive,10325,Yes,4,3,0,Yes
969,Research & Development,Healthcare Representative,6949,No,4,3,1,No
970,Sales,Sales Executive,10609,No,3,1,0,Yes
972,Research & Development,Laboratory Technician,4447,No,2,2,2,No
974,Sales,Sales Representative,2157,No,4,3,1,No
975,Sales,Sales Executive,4601,No,3,3,1,No
976,Research & Development,Manager,17099,No,4,2,0,No
977,Research & Development,Research Scientist,2479,No,3,3,3,Yes
981,Sales,Manager,14852,No,3,4,0,No
982,Sales,Sales Executive,7264,No,3,4,1,No
983,Sales,Sales Executive,5666,Yes,4,3,1,No
984,Sales,Sales Executive,7823,No,4,3,1,No
985,Sales,Sales Executive,7880,No,3,3,1,No
986,Sales,Sales Executive,13194,Yes,2,2,2,Yes
987,Research & Development,Manufacturing Director,5067,Yes,3,4,0,No
990,Sales,Sales Executive,5079,No,4,3,1,No
991,Research & Development,Research Scientist,2321,Yes,1,3,3,Yes
992,Sales,Manager,17444,No,3,3,0,No
994,Research & Development,Research Scientist,2404,Yes,1,3,3,Yes
995,Research & Development,Research Scientist,3452,No,4,3,1,No
996,Research & Development,Laboratory Technician,2270,No,4,3,1,No
997,Research & Development,Research Director,17399,No,4,2,3,No
998,Research & Development,Healthcare Representative,5488,Yes,2,3,2,No
999,Research & Development,Research Director,19419,No,3,4,0,No
1001,Research & Development,Laboratory Technician,2811,No,2,3,2,No
1002,Research & Development,Laboratory Technician,3633,Yes,1,3,2,No
1003,Sales,Sales Executive,4163,Yes,4,3,1,No
1004,Research & Development,Research Scientist,2132,Yes,3,3,1,Yes
1005,Research & Development,Manufacturing Director,13973,Yes,3,3,0,No
1006,Research & Development,Research Scientist,2684,No,3,2,1,No
1007,Research & Development,Manufacturing Director,10845,No,3,3,1,No
1009,Research & Development,Manufacturing Director,4377,No,3,3,1,No
1010,Research & Development,Laboratory Technician,3743,Yes,2,1,3,Yes
1011,Research & Development,Manufacturing Director,4148,No,1,3,2,No
1012,Research & Development,Research Scientist,1051,No,4,3,1,No
1013,Research & Development,Manufacturing Director,10739,No,3,3,0,No
1014,Research & Development,Healthcare Representative,10388,Yes,3,2,0,No
1015,Research & Development,Research Director,11416,Yes,1,2,2,No
1016,Research & Development,Research Scientist,2600,Yes,1,3,2,Yes
1017,Research & Development,Laboratory Technician,2422,No,2,3,2,Yes
1018,Research & Development,Manufacturing Director,5472,No,4,3,1,No
1019,Research & Development,Laboratory Technician,2451,No,1,2,2,No
1022,Research & Development,Healthcare Representative,4240,No,3,3,1,No
1024,Research & Development,Healthcare Representative,10999,No,3,3,0,No
1025,Research & Development,Manufacturing Director,5003,No,3,3,1,No
1026,Research & Development,Manufacturing Director,12742,No,4,3,0,No
1027,Research & Development,Manufacturing Director,4227,No,4,3,1,No
1028,Research & Development,Laboratory Technician,3917,No,4,2,3,No
1029,Sales,Manager,18303,No,3,4,0,No
1030,Research & Development,Laboratory Technician,2380,No,4,3,1,No
1032,Research & Development,Manufacturing Director,13726,Yes,4,3,1,No
1033,Research & Development,Healthcare Representative,4777,No,2,1,2,Yes
1034,Research & Development,Healthcare Representative,6385,Yes,2,3,2,No
1035,Research & Development,Research Director,19973,No,3,3,0,No
1036,Sales,Sales Executive,6861,Yes,4,3,1,No
1037,Sales,Sales Executive,4969,No,1,3,2,Yes
1038,Sales,Manager,19845,No,4,3,0,Yes
1039,Sales,Sales Executive,13320,Yes,4,3,0,No
1040,Sales,Sales Executive,6347,No,3,3,0,No
1042,Research & Development,Laboratory Technician,2743,No,1,3,2,Yes
1043,Research & Development,Manufacturing Director,10880,Yes,1,3,0,No
1044,Sales,Sales Representative,2342,No,4,2,1,No
1045,Sales,Manager,17650,No,4,4,0,No
1046,Research & Development,Laboratory Technician,4025,No,3,3,1,No
1047,Sales,Sales Executive,9725,No,4,2,0,No
1048,Sales,Manager,11904,Yes,4,1,1,No
1049,Human Resources,Human Resources,2177,No,2,3,2,No
1050,Sales,Sales Executive,7525,No,2,3,2,No
1052,Research & Development,Laboratory Technician,4834,No,3,2,1,Yes
1053,Research & Development,Research Scientist,2042,Yes,1,3,2,Yes
1055,Sales,Sales Representative,2220,Yes,3,3,1,No
1056,Sales,Sales Representative,1052,No,2,3,3,No
1060,Research & Development,Research Scientist,2821,No,3,3,1,No
1061,Research & Development,Research Director,19237,Yes,3,2,0,No
1062,Research & Development,Healthcare Representative,4107,No,2,2,2,No
1066,Sales,Sales Executive,8396,No,1,2,2,No
1068,Research & Development,Research Scientist,2007,No,3,3,1,No
1069,Research & Development,Research Director,19627,No,4,3,0,No
1070,Sales,Sales Executive,10686,No,3,3,1,No
1071,Research & Development,Research Scientist,2942,No,3,3,1,No
1073,Research & Development,Manufacturing Director,8858,No,4,2,1,No
1074,Research & Development,Manager,16756,No,1,4,0,No
1076,Sales,Sales Executive,10798,No,4,3,1,No
1077,Sales,Sales Representative,2323,Yes,4,3,1,Yes
1079,Research & Development,Laboratory Technician,1416,No,1,2,2,Yes
1080,Research & Development,Research Scientist,4615,Yes,1,3,3,No
1081,Research & Development,Research Scientist,2461,Yes,3,4,1,Yes
1082,Research & Development,Healthcare Representative,8722,No,1,2,2,Yes
1083,Research & Development,Laboratory Technician,3955,No,1,3,2,No
1084,Research & Development,Manufacturing Director,9957,No,1,2,2,No
1085,Research & Development,Research Scientist,3376,No,3,3,1,No
1088,Research & Development,Healthcare Representative,8823,No,3,2,0,No
1092,Research & Development,Healthcare Representative,10322,No,4,3,3,No
1094,Research & Development,Laboratory Technician,4621,No,3,3,1,No
1096,Research & Development,Manufacturing Director,10976,No,2,3,2,No
1097,Research & Development,Research Scientist,3660,No,3,4,1,No
1098,Human Resources,Human Resources,10482,No,1,3,0,Yes
1099,Research & Development,Healthcare Representative,7119,No,4,3,1,No
1100,Sales,Sales Executive,9582,Yes,1,3,3,Yes
1101,Research & Development,Research Scientist,4508,No,3,3,3,Yes
1102,Research & Development,Laboratory Technician,2207,No,3,2,1,No
1103,Research & Development,Healthcare Representative,7756,No,4,2,1,No
1105,Sales,Sales Executive,6694,Yes,4,3,1,No
1106,Research & Development,Laboratory Technician,3691,Yes,4,4,1,Yes
1107,Research & Development,Laboratory Technician,2377,No,3,2,3,Yes
1108,Research & Development,Research Scientist,2313,Yes,2,3,3,Yes
1109,Research & Development,Manager,17665,No,1,3,0,No
1111,Research & Development,Laboratory Technician,2596,No,2,3,2,Yes
1113,Sales,Sales Executive,4728,Yes,3,3,1,Yes
1114,Sales,Sales Executive,4302,No,2,3,2,No
1115,Research & Development,Research Scientist,2979,No,4,3,1,No
1116,Research & Development,Manager,16885,No,4,2,3,No
1117,Sales,Sales Executive,5593,No,3,3,1,No
1118,Research & Development,Healthcare Representative,10445,No,2,3,2,No
1119,Sales,Sales Executive,8740,Yes,3,3,1,No
1120,Research & Development,Research Scientist,2514,No,4,3,3,No
1121,Research & Development,Manufacturing Director,7655,No,2,2,2,No
1124,Sales,Manager,17465,No,3,3,0,No
1125,Sales,Sales Executive,7351,No,2,3,2,No
1126,Research & Development,Manufacturing Director,10820,No,1,3,2,No
1127,Research & Development,Healthcare Representative,12169,No,4,3,0,Yes
1128,Research & Development,Research Director,19626,No,3,4,0,No
1131,Research & Development,Research Scientist,2070,Yes,2,4,2,No
1132,Research & Development,Laboratory Technician,6782,No,2,2,2,No
1133,Research & Development,Manufacturing Director,7779,No,4,3,3,No
1135,Sales,Sales Representative,2791,No,4,3,1,No
1136,Research & Development,Research Scientist,3201,No,2,1,2,No
1137,Sales,Sales Executive,4968,No,4,3,1,No
1138,Sales,Sales Executive,13120,No,2,3,0,No
1140,Research & Development,Manufacturing Director,4033,No,3,2,1,No
1143,Research & Development,Research Scientist,3291,No,2,2,2,No
1148,Research & Development,Laboratory Technician,4272,No,4,3,1,No
1150,Research & Development,Manufacturing Director,5056,Yes,4,2,1,No
1152,Human Resources,Human Resources,2844,No,3,4,1,No
1154,Research & Development,Research Scientist,2703,Yes,3,3,1,No
1156,Research & Development,Laboratory Technician,1904,No,3,3,1,Yes
1157,Sales,Sales Executive,8224,Yes,1,3,2,Yes
1158,Research & Development,Laboratory Technician,4766,Yes,4,3,1,No
1160,Research & Development,Laboratory Technician,2610,No,3,2,1,Yes
1161,Research & Development,Healthcare Representative,5731,No,4,3,1,No
1162,Research & Development,Research Scientist,2539,No,3,3,1,No
1163,Sales,Sales Executive,5714,No,3,2,3,No
1164,Human Resources,Human Resources,4323,No,3,1,1,No
1165,Sales,Sales Executive,7336,No,1,1,2,Yes
1166,Research & Development,Research Director,13499,No,3,2,0,No
1167,Sales,Sales Executive,13758,Yes,1,2,0,Yes
1171,Sales,Sales Executive,5155,No,1,4,2,No
1172,Research & Development,Laboratory Technician,2258,No,3,3,1,No
1173,Research & Development,Laboratory Technician,3597,No,2,3,3,No
1175,Research & Development,Laboratory Technician,2515,Yes,4,2,1,Yes
1177,Research & Development,Laboratory Technician,4420,No,4,3,3,No
1179,Sales,Sales Executive,6578,No,3,3,1,No
1180,Research & Development,Research Scientist,4422,Yes,4,1,1,No
1182,Research & Development,Manufacturing Director,10274,No,2,4,2,No
1184,Research & Development,Healthcare Representative,5343,No,1,3,3,No
1185,Research & Development,Laboratory Technician,2376,No,4,4,1,No
1188,Sales,Sales Executive,5346,No,3,2,1,Yes
1190,Sales,Sales Representative,2827,No,1,3,2,No
1191,Research & Development,Manager,19943,No,1,3,0,No
1192,Research & Development,Laboratory Technician,3131,No,4,3,1,No
1193,Research & Development,Research Scientist,2552,No,1,3,3,No
1195,Research & Development,Research Scientist,4477,Yes,3,2,1,No
1196,Research & Development,Manufacturing Director,6474,No,4,2,1,No
1198,Research & Development,Laboratory Technician,3033,No,3,2,1,No
1200,Research & Development,Research Scientist,2936,Yes,3,3,1,Yes
1201,Research & Development,Manager,18606,No,3,3,0,No
1202,Research & Development,Research Scientist,2168,Yes,4,2,1,No
1203,Research & Development,Research Scientist,2853,Yes,4,3,1,Yes
1204,Sales,Manager,17048,No,1,3,0,No
1206,Research & Development,Research Scientist,2290,No,3,3,1,No
1207,Human Resources,Human Resources,3600,No,3,3,1,No
1210,Research & Development,Research Scientist,2107,No,1,1,2,Yes
1211,Sales,Sales Executive,4115,No,1,3,2,No
1212,Sales,Sales Executive,4327,No,2,3,2,No
1215,Research & Development,Manager,17856,No,1,3,3,No
1216,Research & Development,Laboratory Technician,3196,No,1,3,2,No
1217,Research & Development,Research Director,19081,No,2,3,0,No
1218,Sales,Sales Executive,8966,Yes,1,3,2,No
1219,Research & Development,Laboratory Technician,2210,No,2,1,2,Yes
1220,Sales,Sales Executive,4539,No,3,2,1,No
1221,Research & Development,Laboratory Technician,2741,No,3,3,1,No
1224,Research & Development,Laboratory Technician,3491,No,3,2,1,No
1225,Research & Development,Research Scientist,4541,No,4,3,3,No
1226,Sales,Sales Representative,2678,No,4,3,1,No
1228,Research & Development,Manufacturing Director,7379,No,4,2,1,No
1231,Human Resources,Human Resources,6272,No,1,4,2,No
1233,Sales,Sales Executive,5220,Yes,4,3,1,No
1234,Research & Development,Laboratory Technician,2743,No,2,3,3,No
1235,Research & Development,Research Scientist,4998,Yes,3,3,1,No
1237,Research & Development,Manufacturing Director,10252,Yes,1,3,3,No
1238,Research & Development,Research Scientist,2781,No,4,3,1,No
1239,Sales,Sales Executive,6852,No,2,4,2,No
1240,Sales,Sales Executive,4950,No,4,3,1,No
1241,Research & Development,Research Scientist,3579,Yes,2,3,3,No
1242,Research & Development,Research Director,13191,Yes,1,3,2,No
1243,Sales,Sales Executive,10377,Yes,4,2,0,No
1244,Research & Development,Research Scientist,2235,Yes,1,2,2,No
1245,Research & Development,Manufacturing Director,10502,No,3,1,1,No
1246,Research & Development,Research Scientist,2011,No,4,3,1,No
1248,Research & Development,Research Scientist,1859,Yes,2,4,3,Yes
1249,Research & Development,Research Scientist,3760,No,4,3,1,No
1250,Research & Development,Research Director,17779,No,4,3,0,No
1251,Research & Development,Healthcare Representative,6833,Yes,1,2,2,No
1252,Research & Development,Healthcare Representative,6812,No,1,3,2,No
1254,Sales,Sales Executive,5171,No,4,3,1,No
1255,Research & Development,Research Director,19740,No,4,3,0,No
1256,Research & Development,Manager,18711,No,3,4,0,No
1257,Research & Development,Research Scientist,3692,No,2,2,2,No
1258,Research & Development,Laboratory Technician,2559,No,2,2,2,No
1259,Research & Development,Research Scientist,2517,No,3,3,1,No
1260,Research & Development,Healthcare Representative,6623,Yes,4,3,1,No
1263,Research & Development,Research Director,18265,No,4,4,0,No
1264,Research & Development,Research Director,16124,No,4,2,0,No
1265,Research & Development,Research Scientist,2585,No,3,2,1,No
1267,Sales,Manager,18213,No,2,3,0,No
1268,Sales,Sales Executive,8380,Yes,3,3,1,No
1269,Research & Development,Research Scientist,2994,Yes,4,3,1,No
1270,Research & Development,Research Scientist,1223,No,3,3,3,No
1273,Sales,Sales Representative,1118,Yes,4,3,1,Yes
1275,Research & Development,Research Scientist,2875,Yes,4,2,3,No
1277,Sales,Manager,18824,Yes,2,3,0,Yes
1278,Research & Development,Healthcare Representative,13577,Yes,2,3,0,No
1279,Research & Development,Laboratory Technician,2625,No,3,1,3,Yes
1280,Sales,Manager,18789,No,2,3,0,No
1281,Sales,Sales Executive,4538,Yes,1,3,2,No
1282,Sales,Manager,19847,Yes,2,2,0,No
1283,Research & Development,Manufacturing Director,10512,No,4,2,1,No
1285,Research & Development,Laboratory Technician,4444,No,2,4,2,No
1286,Research & Development,Laboratory Technician,2154,Yes,3,2,1,No
1288,Research & Development,Manager,19190,No,1,2,0,No
1289,Human Resources,Human Resources,4490,No,2,4,2,No
1291,Research & Development,Research Scientist,3506,Yes,3,3,1,No
1292,Research & Development,Research Scientist,2372,Yes,2,3,2,No
1293,Sales,Sales Executive,10231,No,4,4,0,No
1294,Research & Development,Manufacturing Director,5410,Yes,2,3,2,No
1295,Research & Development,Healthcare Representative,7978,No,4,3,1,Yes
1296,Research & Development,Laboratory Technician,3867,Yes,4,3,1,No
1297,Research & Development,Laboratory Technician,2838,No,3,2,1,No
1298,Research & Development,Manufacturing Director,4695,Yes,3,3,1,No
1299,Research & Development,Laboratory Technician,3339,Yes,3,3,1,Yes
1301,Research & Development,Research Scientist,2080,No,1,2,2,No
1303,Research & Development,Research Scientist,2096,No,2,2,2,No
1304,Sales,Sales Executive,6209,No,4,4,1,No
1306,Research & Development,Manager,18061,No,2,3,3,No
1307,Research & Development,Manager,17123,Yes,2,3,0,No
1308,Research & Development,Research Scientist,2372,No,3,3,1,No
1309,Research & Development,Laboratory Technician,4883,No,3,3,1,Yes
1310,Research & Development,Research Scientist,3904,No,1,3,2,Yes
1311,Research & Development,Laboratory Technician,4627,No,4,3,1,No
1312,Research & Development,Healthcare Representative,7094,No,3,3,1,No
1314,Human Resources,Human Resources,3423,No,1,4,2,No
1315,Research & Development,Laboratory Technician,6674,No,4,3,1,No
1317,Research & Development,Research Director,16880,Yes,1,3,2,No
1318,Sales,Sales Executive,9094,Yes,2,3,2,Yes
1319,Sales,Sales Executive,8446,Yes,2,2,2,Yes
1321,Research & Development,Manager,11916,Yes,1,3,3,No
1322,Research & Development,Manufacturing Director,4534,No,3,3,1,No
1324,Sales,Sales Executive,9852,Yes,3,2,1,No
1329,Sales,Sales Executive,6151,No,2,3,0,No
1331,Sales,Sales Representative,2302,Yes,2,4,2,Yes
1333,Research & Development,Laboratory Technician,2362,No,1,4,2,Yes
1334,Research & Development,Manager,17861,Yes,3,2,0,No
1336,Research & Development,Manager,19187,No,3,3,0,No
1338,Human Resources,Manager,19717,No,2,3,0,No
1340,Research & Development,Research Scientist,3544,No,3,3,1,No
1344,Research & Development,Healthcare Representative,8500,No,4,2,1,No
1346,Research & Development,Research Scientist,4661,No,4,3,1,No
1349,Sales,Sales Executive,4103,No,1,3,2,No
1350,Research & Development,Research Scientist,4249,Yes,3,3,1,No
1352,Human Resources,Manager,14026,Yes,2,3,0,No
1355,Sales,Sales Executive,6893,No,1,3,2,No
1356,Sales,Sales Executive,6125,No,1,4,2,No
1358,Research & Development,Laboratory Technician,3669,No,4,2,1,No
1360,Research & Development,Manufacturing Director,10008,Yes,1,2,2,Yes
1361,Research & Development,Laboratory Technician,2387,No,2,3,3,No
1362,Sales,Sales Executive,4639,No,1,2,2,No
1363,Research & Development,Manufacturing Director,7898,No,4,3,1,No
1364,Sales,Sales Representative,2534,No,4,3,1,No
1367,Research & Development,Manufacturing Director,13142,No,2,2,2,No
1368,Research & Development,Laboratory Technician,1611,No,4,4,1,No
1369,Research & Development,Laboratory Technician,5363,No,4,3,1,No
1371,Sales,Sales Executive,5071,No,4,3,3,No
1372,Sales,Sales Executive,13695,Yes,3,2,0,Yes
1373,Research & Development,Manufacturing Director,13402,Yes,2,3,0,No
1374,Research & Development,Research Scientist,2029,No,3,3,3,No
1375,Research & Development,Healthcare Representative,6377,No,3,3,3,No
1377,Research & Development,Laboratory Technician,5429,No,3,3,1,No
1379,Sales,Sales Representative,2785,No,4,4,1,Yes
1380,Sales,Sales Executive,4614,Yes,3,2,1,Yes
1382,Research & Development,Research Scientist,2610,No,3,3,1,No
1383,Research & Development,Healthcare Representative,6687,No,4,4,1,No
1387,Sales,Sales Executive,4724,No,1,3,2,No
1389,Research & Development,Manufacturing Director,6179,Yes,3,2,1,Yes
1390,Sales,Sales Executive,6120,Yes,4,4,1,No
1391,Sales,Sales Executive,10596,No,2,3,2,No
1392,Research & Development,Research Scientist,5467,Yes,4,2,1,No
1394,Research & Development,Research Scientist,2996,Yes,3,3,1,No
1395,Sales,Sales Executive,9998,No,4,4,1,No
1396,Sales,Sales Executive,4078,Yes,2,2,2,No
1397,Research & Development,Healthcare Representative,10920,No,3,3,3,No
1399,Sales,Sales Executive,6232,No,3,2,1,No
1401,Research & Development,Manufacturing Director,13247,Yes,3,2,1,No
1402,Research & Development,Research Scientist,4081,Yes,3,1,1,No
1403,Sales,Sales Executive,5769,Yes,4,3,1,No
1405,Research & Development,Research Scientist,2394,Yes,3,3,1,Yes
1407,Research & Development,Research Scientist,3904,No,4,3,1,No
1408,Human Resources,Manager,16799,No,1,3,0,No
1409,Research & Development,Laboratory Technician,2950,No,1,1,2,No
1411,Research & Development,Laboratory Technician,3629,No,3,3,1,No
1412,Research & Development,Manufacturing Director,9362,No,4,3,1,No
1415,Research & Development,Laboratory Technician,3229,No,4,2,1,No
1417,Research & Development,Laboratory Technician,3578,No,1,3,2,No
1419,Human Resources,Human Resources,7988,No,1,2,2,No
1420,Research & Development,Laboratory Technician,4284,No,1,3,3,Yes
1421,Research & Development,Healthcare Representative,7553,Yes,4,3,1,Yes
1422,Research & Development,Research Director,17328,No,4,2,0,No
1423,Research & Development,Research Director,19701,Yes,1,3,3,No
1424,Research & Development,Research Director,14732,No,4,4,0,No
1425,Sales,Sales Executive,9278,Yes,2,3,2,No
1427,Sales,Sales Representative,1359,No,3,3,1,Yes
1428,Sales,Sales Executive,4779,No,1,3,2,No
1430,Research & Development,Research Director,16422,No,2,4,0,No
1431,Research & Development,Research Scientist,2996,No,1,3,2,No
1433,Research & Development,Research Scientist,1261,No,2,4,2,Yes
1434,Research & Development,Laboratory Technician,2099,No,1,4,2,No
1435,Research & Development,Laboratory Technician,5810,No,4,2,1,No
1436,Sales,Sales Executive,5647,No,1,2,2,No
1438,Research & Development,Research Scientist,3420,No,4,2,1,No
1439,Sales,Sales Representative,4400,No,1,3,2,Yes
1440,Research & Development,Laboratory Technician,3500,No,3,1,1,No
1441,Research & Development,Research Scientist,2066,No,1,4,3,No
1443,Research & Development,Research Director,17169,No,3,4,0,No
1445,Sales,Sales Executive,4162,Yes,3,3,1,No
1446,Sales,Sales Executive,9204,No,4,2,1,No
1447,Research & Development,Laboratory Technician,3294,No,2,2,2,No
1448,Research & Development,Research Scientist,2127,Yes,3,2,1,No
1449,Research & Development,Laboratory Technician,3975,No,3,4,1,No
1453,Sales,Sales Executive,10793,No,4,3,0,No
1457,Sales,Sales Executive,10096,No,4,4,1,Yes
1458,Research & Development,Laboratory Technician,3646,Yes,1,4,3,Yes
1459,Research & Development,Manufacturing Director,7446,No,2,3,2,Yes
1460,Research & Development,Healthcare Representative,10851,Yes,1,3,2,No
1461,Human Resources,Human Resources,2109,No,2,3,2,No
1464,Research & Development,Laboratory Technician,3722,Yes,4,1,1,Yes
1465,Research & Development,Manufacturing Director,9380,Yes,4,4,1,No
1466,Sales,Sales Executive,5486,No,1,3,2,No
1467,Human Resources,Human Resources,2742,No,3,3,1,Yes
1468,Research & Development,Research Director,13757,No,2,3,0,No
1469,Sales,Sales Executive,8463,No,1,3,2,No
1471,Research & Development,Laboratory Technician,3162,No,3,3,1,No
1472,Research & Development,Research Director,16598,No,2,2,0,No
1473,Research & Development,Healthcare Representative,6651,No,3,2,1,No
1474,Research & Development,Research Scientist,2345,No,3,4,1,No
1475,Research & Development,Research Scientist,3420,No,2,2,2,No
1477,Sales,Sales Executive,4373,No,1,3,2,No
1478,Sales,Sales Executive,4759,No,1,3,2,No
1479,Sales,Sales Executive,5301,No,3,2,1,No
1480,Research & Development,Laboratory Technician,3673,No,4,3,1,No
1481,Sales,Sales Executive,4768,No,3,2,1,No
1482,Research & Development,Research Scientist,1274,No,3,2,1,No
1483,Research & Development,Research Scientist,4900,No,3,2,3,No
1484,Research & Development,Healthcare Representative,10466,No,2,3,2,No
1485,Research & Development,Research Director,17007,No,1,2,0,No
1486,Sales,Sales Representative,2909,No,3,4,1,Yes
1487,Sales,Sales Executive,5765,No,2,1,2,Yes
1489,Sales,Sales Executive,4599,Yes,2,4,3,Yes
1492,Sales,Sales Representative,2404,No,3,3,1,No
1494,Research & Development,Laboratory Technician,3172,Yes,1,2,2,Yes
1495,Sales,Sales Representative,2033,No,2,3,2,No
1496,Research & Development,Manufacturing Director,10209,Yes,3,2,1,No
1497,Sales,Sales Executive,8620,No,3,3,1,No
1499,Human Resources,Human Resources,2064,No,3,4,3,No
1501,Research & Development,Healthcare Representative,4035,Yes,3,3,1,No
1502,Research & Development,Laboratory Technician,3838,No,2,3,2,No
1503,Sales,Sales Executive,4591,Yes,3,2,1,No
1504,Research & Development,Laboratory Technician,2561,No,1,2,2,Yes
1506,Research & Development,Research Scientist,1563,No,3,1,1,No
1507,Sales,Sales Executive,4898,No,1,3,2,No
1509,Research & Development,Laboratory Technician,4789,No,1,3,3,No
1513,Research & Development,Laboratory Technician,3180,No,2,3,2,No
1514,Research & Development,Manufacturing Director,6549,No,2,2,2,No
1515,Research & Development,Healthcare Representative,6388,Yes,3,3,1,No
1516,Research & Development,Manager,11244,No,4,4,3,No
1520,Research & Development,Manager,16032,No,4,3,3,No
1522,Research & Development,Research Scientist,2362,No,1,1,2,Yes
1523,Research & Development,Research Director,16328,No,1,4,0,No
1525,Research & Development,Manufacturing Director,8376,No,2,3,2,No
1527,Sales,Manager,16606,No,2,4,0,No
1529,Research & Development,Healthcare Representative,8606,No,2,1,2,No
1533,Research & Development,Laboratory Technician,2272,No,3,3,1,No
1534,Research & Development,Laboratory Technician,2018,No,1,1,2,Yes
1535,Sales,Sales Executive,7083,Yes,3,3,1,No
1537,Research & Development,Research Scientist,4084,No,3,1,1,Yes
1539,Research & Development,Research Director,14411,Yes,4,3,0,No
1541,Sales,Sales Representative,2308,Yes,3,3,3,No
1542,Research & Development,Laboratory Technician,4841,No,2,3,2,No
1543,Research & Development,Research Scientist,4285,No,4,3,1,No
1544,Research & Development,Healthcare Representative,9715,No,1,3,2,No
1545,Research & Development,Manufacturing Director,4320,No,2,3,2,No
1546,Research & Development,Research Scientist,2132,No,4,3,3,No
1547,Research & Development,Healthcare Representative,10124,Yes,4,1,0,No
1548,Sales,Sales Executive,5473,No,1,4,2,No
1549,Research & Development,Laboratory Technician,5207,Yes,3,3,1,No
1550,Human Resources,Manager,16437,Yes,4,3,0,No
1551,Research & Development,Laboratory Technician,2296,No,1,3,2,No
1552,Research & Development,Healthcare Representative,4069,Yes,4,3,1,No
1553,Research & Development,Healthcare Representative,7441,No,2,3,2,No
1554,Sales,Sales Representative,2430,No,3,3,3,No
1555,Research & Development,Research Scientist,5878,No,2,3,2,No
1556,Sales,Sales Representative,2644,Yes,4,2,3,No
1557,Sales,Sales Executive,6439,No,3,3,1,No
1558,Research & Development,Research Scientist,2451,No,3,2,1,No
1560,Sales,Sales Executive,6392,No,1,1,2,No
1562,Sales,Sales Executive,9714,No,1,3,2,Yes
1563,Human Resources,Human Resources,6077,No,3,3,1,No
1564,Research & Development,Laboratory Technician,2450,No,1,3,2,No
1568,Sales,Sales Executive,9250,No,2,3,2,No
1569,Research & Development,Laboratory Technician,2074,Yes,1,3,2,Yes
1572,Research & Development,Manufacturing Director,10169,No,4,3,0,Yes
1573,Research & Development,Manufacturing Director,4855,No,2,3,2,Yes
1574,Research & Development,Research Scientist,4087,No,1,2,2,No
1576,Research & Development,Research Scientist,2367,No,1,2,2,No
1577,Research & Development,Research Scientist,2972,No,4,1,1,No
1578,Sales,Manager,19586,No,4,3,0,No
1580,Research & Development,Research Scientist,5484,No,4,2,1,No
1581,Research & Development,Research Scientist,2061,No,4,3,3,No
1582,Sales,Sales Executive,9924,No,2,3,2,No
1583,Sales,Sales Executive,4198,No,2,4,2,No
1585,Sales,Sales Executive,6815,No,3,3,1,No
1586,Research & Development,Laboratory Technician,4723,Yes,1,3,2,No
1587,Research & Development,Healthcare Representative,6142,Yes,3,3,1,No
1588,Sales,Sales Executive,8237,No,3,3,1,No
1590,Research & Development,Healthcare Representative,8853,No,4,4,1,No
1591,Sales,Manager,19331,Yes,3,3,0,No
1592,Research & Development,Research Scientist,2073,No,3,3,1,No
1594,Research & Development,Laboratory Technician,5562,Yes,1,3,2,No
1595,Research & Development,Manager,19613,No,4,3,3,No
1596,Research & Development,Laboratory Technician,3407,No,3,2,1,No
1597,Research & Development,Healthcare Representative,5063,No,3,2,1,No
1598,Sales,Sales Executive,4639,No,1,3,2,No
1599,Research & Development,Laboratory Technician,4876,No,2,3,2,No
1601,Research & Development,Laboratory Technician,2690,No,4,2,1,No
1602,Sales,Manager,17567,No,1,1,0,No
1604,Research & Development,Laboratory Technician,2408,Yes,2,3,2,Yes
1605,Research & Development,Research Scientist,2814,Yes,3,2,1,No
1606,Research & Development,Healthcare Representative,11245,Yes,3,3,0,No
1607,Research & Development,Research Scientist,3312,No,4,3,1,No
1608,Research & Development,Research Director,19049,Yes,4,2,0,No
1609,Research & Development,Research Scientist,2141,No,2,2,2,No
1611,Research & Development,Laboratory Technician,5769,Yes,1,3,2,No
1612,Sales,Sales Executive,4385,No,1,3,2,No
1613,Sales,Sales Executive,5332,No,1,3,2,No
1614,Research & Development,Manufacturing Director,4663,Yes,3,3,1,No
1615,Research & Development,Manufacturing Director,4724,No,4,3,1,No
1617,Research & Development,Laboratory Technician,3211,No,1,2,2,No
1618,Research & Development,Manufacturing Director,5377,No,1,3,2,No
1619,Research & Development,Laboratory Technician,4066,No,1,3,2,No
1621,Research & Development,Research Scientist,5208,No,1,3,2,No
1622,Research & Development,Manufacturing Director,4877,No,1,2,3,No
1623,Research & Development,Research Scientist,3117,No,4,3,1,No
1624,Sales,Sales Representative,1569,Yes,4,4,1,Yes
1625,Human Resources,Manager,19658,No,3,3,0,No
1627,Research & Development,Laboratory Technician,3069,No,3,3,1,No
1628,Research & Development,Manufacturing Director,10435,No,3,3,0,No
1630,Research & Development,Healthcare Representative,4148,No,3,3,1,No
1631,Research & Development,Manufacturing Director,5768,No,3,2,1,No
1633,Research & Development,Manufacturing Director,5042,No,3,1,1,No
1635,Research & Development,Manufacturing Director,5770,No,4,3,1,No
1638,Research & Development,Manufacturing Director,7756,Yes,3,4,1,No
1639,Sales,Sales Executive,10306,No,1,3,2,Yes
1640,Research & Development,Research Scientist,3936,No,2,1,2,No
1641,Research & Development,Manufacturing Director,7945,Yes,4,2,1,No
1642,Human Resources,Human Resources,5743,Yes,4,3,1,No
1644,Research & Development,Manager,15202,No,4,3,3,No
1645,Sales,Sales Executive,5440,Yes,4,2,1,Yes
1646,Research & Development,Research Scientist,3760,Yes,4,3,1,No
1647,Research & Development,Research Scientist,3517,No,3,3,1,No
1648,Research & Development,Research Scientist,2580,No,4,2,1,No
1649,Research & Development,Laboratory Technician,2166,Yes,1,1,2,Yes
1650,Sales,Sales Executive,5869,No,3,3,1,No
1651,Research & Development,Healthcare Representative,8008,No,1,3,2,No
1653,Research & Development,Manufacturing Director,5206,No,3,3,1,No
1654,Research & Development,Manufacturing Director,5295,No,2,3,3,No
1655,Research & Development,Research Director,16413,No,2,3,0,No
1656,Research & Development,Research Director,13269,No,1,3,0,No
1657,Sales,Sales Representative,2783,No,3,3,1,No
1658,Research & Development,Research Scientist,5433,No,2,3,2,No
1659,Research & Development,Laboratory Technician,2013,No,2,3,2,No
1661,Research & Development,Healthcare Representative,13966,Yes,3,3,0,No
1662,Research & Development,Manufacturing Director,4374,No,3,3,1,No
1664,Research & Development,Healthcare Representative,6842,No,1,3,3,No
1665,Research & Development,Manager,17426,No,3,3,3,No
1666,Research & Development,Research Director,17603,No,3,3,0,No
1667,Sales,Sales Executive,4581,Yes,4,4,3,Yes
1668,Research & Development,Research Scientist,4735,No,4,4,1,No
1669,Sales,Sales Executive,4187,Yes,2,2,2,No
1670,Sales,Sales Executive,5505,No,4,3,1,No
1671,Research & Development,Research Scientist,5470,No,2,2,2,No
1673,Sales,Sales Executive,5476,No,4,3,1,No
1674,Research & Development,Laboratory Technician,2587,Yes,1,2,2,No
1675,Research & Development,Laboratory Technician,2440,No,2,3,3,No
1676,Sales,Manager,15972,No,2,3,0,No
1677,Research & Development,Manager,15379,No,3,3,0,No
1678,Sales,Sales Executive,7082,Yes,3,3,1,No
1680,Sales,Sales Representative,2728,No,1,3,2,No
1681,Sales,Sales Executive,5368,Yes,4,3,3,No
1682,Research & Development,Healthcare Representative,5347,No,3,2,1,No
1683,Human Resources,Human Resources,3195,Yes,4,3,1,No
1684,Research & Development,Laboratory Technician,3989,Yes,3,3,1,Yes
1687,Research & Development,Laboratory Technician,3306,No,3,2,1,No
1689,Research & Development,Healthcare Representative,7005,No,4,3,1,No
1691,Sales,Sales Representative,2655,Yes,3,3,1,Yes
1692,Research & Development,Laboratory Technician,1393,No,2,3,2,Yes
1693,Research & Development,Laboratory Technician,2570,No,4,3,3,No
1694,Research & Development,Research Scientist,3537,No,2,3,2,No
1696,Research & Development,Laboratory Technician,3986,No,4,4,1,No
1697,Research & Development,Healthcare Representative,10883,No,4,4,3,No
1698,Research & Development,Laboratory Technician,2028,No,2,3,2,No
1700,Sales,Sales Executive,9525,No,4,2,1,No
1701,Research & Development,Research Scientist,2929,No,4,3,1,No
1702,Sales,Sales Representative,2275,Yes,4,3,3,Yes
1703,Research & Development,Healthcare Representative,7879,Yes,4,3,1,No
1704,Research & Development,Research Scientist,4930,Yes,4,4,1,No
1706,Sales,Sales Executive,7847,Yes,4,3,1,No
1707,Research & Development,Research Scientist,4401,No,3,3,1,No
1708,Sales,Sales Executive,9241,No,3,3,1,No
1709,Research & Development,Laboratory Technician,2974,No,3,3,1,No
1710,Sales,Sales Representative,4502,No,4,2,1,No
1712,Research & Development,Healthcare Representative,10748,No,3,2,3,No
1714,Human Resources,Human Resources,1555,No,3,3,1,Yes
1716,Sales,Sales Executive,12936,No,3,1,0,Yes
1718,Research & Development,Laboratory Technician,2305,No,3,4,1,No
1719,Research & Development,Research Director,16704,No,2,3,0,No
1720,Research & Development,Research Scientist,3433,No,3,2,1,No
1721,Research & Development,Laboratory Technician,3477,No,3,4,1,No
1722,Human Resources,Human Resources,6430,No,2,3,2,No
1724,Research & Development,Manufacturing Director,6516,Yes,1,3,2,No
1725,Research & Development,Laboratory Technician,3907,No,1,4,2,No
1727,Research & Development,Healthcare Representative,5562,No,2,3,2,No
1728,Research & Development,Manufacturing Director,6883,No,3,3,1,No
1729,Research & Development,Research Scientist,2862,No,4,2,1,No
1731,Sales,Sales Executive,4978,No,2,1,2,No
1732,Sales,Sales Executive,10368,Yes,4,2,1,No
1733,Sales,Sales Executive,6134,Yes,1,3,2,Yes
1734,Sales,Sales Executive,6735,No,2,3,2,Yes
1735,Research & Development,Laboratory Technician,3295,No,2,1,2,No
1736,Research & Development,Manufacturing Director,5238,No,4,2,3,No
1737,Research & Development,Laboratory Technician,6472,Yes,4,3,1,No
1739,Sales,Sales Executive,9610,No,3,1,1,No
1740,Sales,Manager,19833,No,2,2,0,No
1744,Human Resources,Human Resources,9756,No,3,4,3,No
1745,Research & Development,Research Scientist,4968,No,1,3,2,No
1746,Human Resources,Human Resources,2145,No,4,3,1,No
1747,Human Resources,Human Resources,2180,No,4,2,1,Yes
1749,Sales,Sales Executive,8346,No,3,3,1,No
1751,Research & Development,Research Scientist,3445,No,4,2,1,No
1752,Sales,Sales Representative,2760,No,2,3,2,Yes
1753,Research & Development,Healthcare Representative,6294,Yes,3,4,1,No
1754,Sales,Sales Executive,7140,No,1,3,2,No
1755,Research & Development,Research Scientist,2932,Yes,4,3,1,No
1756,Sales,Sales Executive,5147,No,2,2,2,No
1757,Sales,Sales Executive,4507,No,4,4,1,No
1758,Sales,Sales Executive,8564,Yes,1,2,3,Yes
1760,Research & Development,Laboratory Technician,2468,No,2,2,2,No
1761,Sales,Sales Executive,8161,No,3,3,1,Yes
1762,Research & Development,Research Scientist,2109,No,1,3,2,No
1763,Research & Development,Healthcare Representative,5294,No,3,3,1,No
1764,Research & Development,Research Scientist,2718,No,2,3,2,No
1766,Research & Development,Healthcare Representative,5811,Yes,4,3,1,No
1767,Research & Development,Research Scientist,2437,Yes,3,3,1,Yes
1768,Research & Development,Laboratory Technician,2766,No,2,2,3,No
1770,Research & Development,Research Director,19038,No,1,3,0,No
1771,Research & Development,Research Scientist,3055,No,2,2,2,No
1772,Research & Development,Laboratory Technician,2289,No,1,3,3,No
1774,Sales,Sales Executive,4001,Yes,3,3,1,No
1775,Research & Development,Manufacturing Director,12965,Yes,3,2,3,No
1778,Human Resources,Human Resources,3539,No,4,3,1,No
1779,Sales,Sales Executive,6029,No,4,3,1,No
1780,Sales,Sales Representative,2679,No,2,3,2,Yes
1782,Research & Development,Laboratory Technician,3702,No,3,3,1,No
1783,Research & Development,Laboratory Technician,2398,Yes,1,3,2,Yes
1784,Sales,Sales Executive,5468,No,4,3,1,No
1786,Research & Development,Manager,13116,No,3,3,1,No
1787,Sales,Sales Executive,4189,No,2,3,2,No
1789,Research & Development,Research Director,19328,Yes,4,3,0,No
1790,Research & Development,Healthcare Representative,8321,Yes,1,3,2,No
1792,Research & Development,Research Scientist,2342,Yes,2,2,2,Yes
1794,Human Resources,Human Resources,4071,No,2,2,2,No
1797,Sales,Sales Executive,5813,Yes,4,3,1,Yes
1798,Research & Development,Research Scientist,3143,No,1,3,2,No
1799,Research & Development,Research Scientist,2044,No,4,4,1,No
1800,Research & Development,Research Director,13464,No,3,3,3,No
1801,Sales,Sales Executive,7991,No,2,3,2,No
1802,Research & Development,Laboratory Technician,3377,No,1,2,2,No
1803,Research & Development,Healthcare Representative,5538,No,1,2,2,No
1804,Research & Development,Manufacturing Director,5762,No,4,3,1,No
1805,Human Resources,Human Resources,2592,No,2,3,2,No
1807,Research & Development,Laboratory Technician,5346,No,1,2,2,Yes
1809,Research & Development,Manufacturing Director,4213,No,1,1,2,Yes
1812,Sales,Sales Executive,4127,No,4,3,1,No
1813,Research & Development,Research Scientist,2438,No,3,2,1,No
1814,Research & Development,Healthcare Representative,6870,No,2,1,2,No
1815,Sales,Sales Executive,10447,Yes,3,4,0,No
1816,Research & Development,Manufacturing Director,9667,No,3,3,1,No
1818,Human Resources,Human Resources,2148,Yes,2,3,2,Yes
1821,Research & Development,Healthcare Representative,8926,No,2,4,3,Yes
1822,Research & Development,Healthcare Representative,6513,No,4,3,1,No
1823,Sales,Sales Executive,6799,No,3,3,3,No
1824,Sales,Manager,16291,No,2,2,0,No
1826,Research & Development,Laboratory Technician,2705,No,3,4,1,No
1827,Research & Development,Manufacturing Director,10333,Yes,2,3,0,No
1829,Research & Development,Healthcare Representative,4448,No,1,3,2,No
1830,Research & Development,Research Scientist,6854,No,4,2,1,No
1833,Sales,Sales Executive,9637,No,1,3,2,No
1834,Research & Development,Research Scientist,3591,No,1,3,3,No
1835,Sales,Sales Representative,5405,Yes,4,2,3,No
1836,Sales,Sales Executive,4684,No,4,3,1,No
1837,Research & Development,Research Director,15787,Yes,3,3,0,No
1839,Research & Development,Research Scientist,1514,No,3,1,1,No
1842,Human Resources,Human Resources,2956,No,1,3,2,Yes
1844,Human Resources,Human Resources,2335,Yes,1,3,2,Yes
1845,Sales,Sales Executive,5154,No,3,4,3,No
1847,Research & Development,Research Scientist,6962,Yes,2,3,3,No
1849,Sales,Sales Executive,5675,No,4,3,3,No
1850,Research & Development,Laboratory Technician,2379,Yes,4,2,1,No
1852,Research & Development,Laboratory Technician,3812,No,4,4,1,No
1853,Sales,Sales Executive,4648,No,4,4,1,No
1854,Research & Development,Research Scientist,2936,No,3,2,3,No
1856,Research & Development,Laboratory Technician,2105,No,3,3,1,No
1857,Research & Development,Manufacturing Director,8578,No,4,2,1,No
1858,Human Resources,Human Resources,2706,No,4,3,1,No
1859,Research & Development,Healthcare Representative,6384,No,3,3,1,No
1860,Research & Development,Laboratory Technician,3968,No,3,3,1,No
1862,Sales,Sales Executive,9907,Yes,2,2,2,Yes
1863,Sales,Sales Executive,13225,No,1,3,0,No
1864,Sales,Sales Representative,3540,No,3,3,3,No
1865,Human Resources,Human Resources,2804,No,2,3,2,No
1866,Research & Development,Manager,19392,No,3,3,0,No
1867,Research & Development,Research Director,19665,No,2,3,0,No
1868,Research & Development,Research Scientist,2439,Yes,4,2,3,Yes
1869,Sales,Sales Executive,7314,No,2,3,3,Yes
1870,Research & Development,Research Scientist,4774,No,1,2,2,No
1871,Research & Development,Research Scientist,3902,No,4,3,1,No
1873,Research & Development,Research Scientist,2662,No,4,4,3,No
1875,Sales,Sales Representative,2856,No,2,3,2,No
1876,Sales,Sales Representative,1081,No,4,2,1,Yes
1878,Research & Development,Research Scientist,2472,Yes,2,3,3,Yes
1880,Sales,Sales Executive,5673,Yes,3,3,1,No
1881,Research & Development,Laboratory Technician,4197,No,3,3,1,No
1882,Sales,Sales Executive,9713,Yes,4,3,1,No
1883,Research & Development,Laboratory Technician,2062,No,1,3,2,No
1885,Research & Development,Research Scientist,4284,Yes,1,3,3,No
1886,Research & Development,Manufacturing Director,4788,Yes,2,3,2,No
1888,Research & Development,Manufacturing Director,5906,No,4,2,1,No
1890,Human Resources,Human Resources,3886,No,4,2,3,No
1892,Research & Development,Manager,16823,No,1,3,0,No
1893,Research & Development,Research Scientist,2933,Yes,3,2,1,No
1898,Sales,Sales Executive,6500,No,3,2,1,No
1900,Research & Development,Manager,17174,No,4,3,0,No
1903,Research & Development,Healthcare Representative,5033,No,1,3,2,No
1905,Research & Development,Research Scientist,2307,Yes,1,3,3,Yes
1907,Research & Development,Laboratory Technician,2587,No,4,3,1,Yes
1908,Sales,Sales Executive,5507,No,2,1,2,No
1909,Sales,Sales Executive,4393,No,2,3,3,No
1911,Research & Development,Research Director,13348,No,1,4,0,No
1912,Sales,Sales Executive,6583,Yes,4,3,1,No
1915,Sales,Sales Executive,8103,Yes,4,2,1,No
1916,Research & Development,Laboratory Technician,3978,No,3,2,1,No
1918,Research & Development,Laboratory Technician,2544,No,4,3,1,No
1922,Research & Development,Healthcare Representative,5399,No,3,3,1,No
1924,Sales,Sales Executive,5487,No,3,2,1,No
1927,Sales,Sales Executive,6834,Yes,4,3,1,No
1928,Sales,Sales Representative,1091,No,1,3,2,Yes
1929,Sales,Sales Executive,5736,No,3,3,1,No
1931,Research & Development,Research Scientist,2226,No,2,2,2,No
1932,Research & Development,Research Scientist,5747,Yes,4,3,1,No
1933,Sales,Sales Executive,9854,Yes,3,3,1,Yes
1934,Research & Development,Research Scientist,5467,No,2,4,2,No
1935,Sales,Sales Executive,5380,No,1,3,2,No
1936,Research & Development,Manufacturing Director,5151,No,1,3,3,No
1937,Research & Development,Research Scientist,2133,Yes,2,3,2,No
1938,Sales,Manager,17875,Yes,4,2,0,No
1939,Research & Development,Research Scientist,2432,Yes,3,3,1,Yes
1940,Research & Development,Research Scientist,4771,No,4,4,1,No
1941,Research & Development,Research Director,19161,No,4,3,0,No
1943,Sales,Sales Executive,5087,Yes,4,3,1,No
1944,Human Resources,Human Resources,2863,No,2,3,2,Yes
1945,Sales,Sales Executive,5561,No,1,1,2,No
1947,Research & Development,Research Scientist,2144,No,3,2,1,No
1948,Research & Development,Research Scientist,3065,Yes,1,4,2,No
1949,Research & Development,Laboratory Technician,2810,No,2,3,3,No
1950,Sales,Sales Executive,9888,No,4,2,3,No
1951,Sales,Sales Executive,8628,No,3,2,1,No
1952,Research & Development,Laboratory Technician,2867,No,1,2,2,No
1954,Research & Development,Healthcare Representative,5373,No,1,2,2,No
1955,Research & Development,Healthcare Representative,6667,No,4,3,1,No
1956,Research & Development,Research Scientist,5003,No,1,3,3,No
1960,Research & Development,Laboratory Technician,2367,No,4,2,1,Yes
1961,Sales,Sales Representative,2858,No,1,2,2,No
1962,Sales,Sales Executive,5204,Yes,4,3,1,No
1965,Sales,Sales Executive,4105,No,4,3,1,No
1966,Research & Development,Manufacturing Director,9679,No,4,3,3,No
1967,Sales,Sales Executive,5617,Yes,4,3,1,Yes
1968,Sales,Sales Executive,10448,Yes,1,2,2,Yes
1969,Research & Development,Research Scientist,2897,No,3,2,1,No
1970,Research & Development,Healthcare Representative,5968,No,3,3,3,No
1971,Research & Development,Healthcare Representative,7510,No,3,3,1,No
1972,Human Resources,Human Resources,2991,Yes,2,3,2,No
1973,Human Resources,Manager,19636,Yes,2,3,0,No
1974,Research & Development,Laboratory Technician,1129,Yes,4,3,1,No
1975,Sales,Sales Executive,13341,No,1,3,0,No
1976,Research & Development,Research Scientist,4332,No,3,3,0,No
1979,Research & Development,Research Director,11031,No,3,4,3,No
1980,Research & Development,Manufacturing Director,4440,Yes,1,3,2,No
1981,Research & Development,Healthcare Representative,4617,No,3,2,1,No
1982,Research & Development,Laboratory Technician,2647,No,4,4,1,No
1985,Research & Development,Laboratory Technician,6323,No,3,4,1,No
1986,Sales,Sales Executive,5677,No,2,3,2,No
1987,Human Resources,Human Resources,2187,No,2,3,2,No
1989,Research & Development,Laboratory Technician,3748,No,2,2,2,No
1992,Research & Development,Laboratory Technician,3977,Yes,3,2,1,No
1993,Research & Development,Healthcare Representative,8633,No,3,3,3,No
1994,Research & Development,Laboratory Technician,2008,No,3,2,1,No
1995,Sales,Sales Executive,4440,No,2,3,2,No
1996,Sales,Sales Representative,3067,No,3,3,1,No
1997,Research & Development,Manufacturing Director,5321,No,3,3,1,No
1998,Research & Development,Research Scientist,5410,Yes,1,2,2,No
1999,Research & Development,Research Scientist,2782,No,4,3,3,No
2000,Research & Development,Research Director,11957,No,2,1,0,No
2003,Research & Development,Laboratory Technician,2660,Yes,3,3,1,No
2007,Research & Development,Research Scientist,3375,No,3,4,1,No
2008,Research & Development,Research Scientist,5098,No,3,3,1,No
2009,Research & Development,Healthcare Representative,4878,Yes,4,3,1,No
2010,Research & Development,Laboratory Technician,2837,No,2,3,2,No
2012,Research & Development,Laboratory Technician,2406,No,4,2,1,No
2013,Sales,Sales Representative,2269,No,2,3,2,No
2014,Research & Development,Research Scientist,4108,No,4,3,1,No
2015,Research & Development,Research Director,13206,No,3,3,0,No
2016,Sales,Sales Executive,10422,No,4,3,0,No
2017,Research & Development,Research Director,13744,Yes,4,3,3,No
2018,Sales,Sales Executive,4907,Yes,3,2,3,No
2019,Sales,Sales Representative,3482,No,4,2,1,No
2020,Research & Development,Research Scientist,2436,Yes,4,3,1,No
2021,Sales,Sales Representative,2380,Yes,1,3,2,No
2022,Research & Development,Manager,19431,No,4,2,0,No
2023,Sales,Sales Representative,1790,No,1,2,2,Yes
2024,Sales,Sales Executive,7644,No,4,3,1,No
2025,Research & Development,Manufacturing Director,5131,No,2,3,2,No
2026,Research & Development,Healthcare Representative,6306,No,3,2,3,No
2027,Research & Development,Research Scientist,4787,Yes,4,4,1,Yes
2031,Research & Development,Manager,18880,No,3,2,0,No
2032,Research & Development,Laboratory Technician,2339,No,3,1,1,Yes
2034,Research & Development,Manufacturing Director,13570,No,2,3,0,No
2035,Sales,Sales Executive,6712,No,3,3,3,No
2036,Sales,Sales Executive,5406,No,4,2,3,No
2037,Sales,Sales Executive,8938,No,2,3,2,No
2038,Research & Development,Research Scientist,2439,No,1,3,2,No
2040,Human Resources,Human Resources,8837,Yes,4,3,1,No
2041,Sales,Sales Executive,5343,No,4,3,1,No
2044,Sales,Sales Executive,6728,No,3,3,1,Yes
2045,Sales,Sales Executive,6652,No,4,2,1,No
2046,Sales,Sales Executive,4850,No,3,3,1,No
2048,Research & Development,Research Scientist,2809,No,3,3,1,No
2049,Research & Development,Healthcare Representative,5689,Yes,3,4,1,No
2051,Research & Development,Research Scientist,2001,No,3,3,1,No
2052,Research & Development,Research Scientist,2977,No,4,3,1,No
2053,Research & Development,Laboratory Technician,4025,Yes,2,3,2,No
2054,Research & Development,Research Scientist,3785,No,1,1,2,No
2055,Sales,Sales Executive,10854,Yes,1,3,2,Yes
2056,Sales,Sales Executive,12031,No,4,2,0,No
2057,Research & Development,Manufacturing Director,9936,No,1,3,2,No
2060,Sales,Sales Representative,2966,No,3,3,1,No
2061,Research & Development,Laboratory Technician,2571,No,4,3,1,No
2062,Research & Development,Healthcare Representative,9991,No,1,3,2,No
2064,Research & Development,Manufacturing Director,6142,Yes,2,3,3,No
2065,Sales,Sales Executive,5390,No,2,2,2,No
2068,Research & Development,Laboratory Technician,4404,No,3,4,1,No
